American Pain Partners LLC - Webster,,,,,,,,,,,,,,,,,,,,,,,,,,,,,,,,,,,,,,,,,,,,,,,,,,,,,,,,,,,,,,,,,,,,,,,,,,,,,,
Profit & Loss,,,,,,,,,,,,,,,,,,,,,,,,,,,,,,,,,,,,,,,,,,,,,,,,,,,,,,,,,,,,,,,,,,,,,,,,,,,,,,
January 2023 through September 2025,,,,,,,,,,,,,,,,,,,,,,,,,,,,,,,,,,,,,,,,,,,,,,,,,,,,,,,,,,,,,,,,,,,,,,,,,,,,,,
,Jan 23,,Feb 23,,Mar 23,,Apr 23,,May 23,,Jun 23,,Jul 23,,Aug 23,,Sep 23,,Oct 23,,Nov 23,,Dec 23,,TOTAL,,Jan 24,,Feb 24,,Mar 24,,Apr 24,,May 24,,Jun 24,,Jul 24,,Aug 24,,Sep 24,,Oct 24,,Nov 24,,Dec 24,,TOTAL,,Jan 25,,Feb 25,,Mar 25,,Apr 25,,May 25,,Jun 25,,Jul 25,,Aug 25,,Sep 25,,Oct 25,,Nov 25,,Dec 25,,TOTAL,
Ordinary Income/Expense,,,,,,,,,,,,,,,,,,,,,,,,,,,,,,,,,,,,,,,,,,,,,,,,,,,,,,,,,,,,,,,,,,,,,,,,,,,,,,
Income,,,,,,,,,,,,,,,,,,,,,,,,,,,,,,,,,,,,,,,,,,,,,,,,,,,,,,,,,,,,,,,,,,,,,,,,,,,,,,
40000  HD Research LLC Income, -   ,, -   ,, -   ,, -   ,, -   ,, -   ,, -   ,, -   ,, -   ,, -   ,, -   ,, -   ,, -   ,, -   ,, -   ,, -   ,, -   ,, -   ,, -   ,, -   ,, -   ,, -   ,, -   ,, -   ,, -   ,, -   ,, -   ,, -   ,, -   ,, -   ,, -   ,, -   ,, -   ,, -   ,, -   ,,,,,,,, -   ,
41000  Personal Injury, -   ,, -   ,, -   ,, -   ,, -   ,, -   ,, -   ,, -   ,, -   ,, -   ,, -   ,, -   ,, -   ,, -   ,, -   ,, -   ,, -   ,, -   ,, -   ,, -   ,, -   ,, -   ,, -   ,, -   ,, -   ,, -   ,, -   ,, -   ,, -   ,, -   ,, -   ,, -   ,, -   ,, -   ,, -   ,,,,,,,, -   ,
43000  ACH Credit, -   ,, -   ,, -   ,, -   ,, -   ,, -   ,, -   ,, -   ,, -   ,, -   ,, -   ,, -   ,, -   ,, -   ,, -   ,, -   ,, -   ,, -   ,, -   ,, -   ,, -   ,, -   ,, -   ,, -   ,, -   ,, -   ,, -   ,, -   ,, -   ,, -   ,, -   ,, -   ,, -   ,, -   ,, -   ,,,,,,,, -   ,
42000  Nonmedical Income, -   ,, -   ,," 6,201.45 ",, -   ,, -   ,, -   ,, -   ,, -   ,, -   ,, -   ,," 25,542.91 ",, -   ,," 31,744.36 ",, -   ,, -   ,, -   ,, -   ,, -   ,, -   ,, -   ,, -   ,, -   ,, -   ,, -   ,, -   ,, -   ,, -   ,, -   ,, -   ,, -   ,, -   ,, -   ,, -   ,, -   ,, -   ,,,,,,,, -   ,
44000  OTC Deposit, -   ,, -   ,, -   ,, -   ,, -   ,, -   ,, -   ,, -   ,, -   ,, -   ,, -   ,, -   ,, -   ,, -   ,, -   ,, -   ,, -   ,, -   ,, -   ,, -   ,, -   ,, -   ,, -   ,, -   ,, -   ,, -   ,, -   ,, -   ,, -   ,, -   ,, -   ,, -   ,, -   ,, -   ,, -   ,,,,,,,, -   ,
44500  Practice Income," 116,513.28 ",," 130,930.24 ",," 147,434.68 ",," 116,273.04 ",," 116,171.11 ",," 128,546.60 ",," 95,769.75 ",," 134,976.21 ",," 135,981.93 ",," 116,596.04 ",," 113,190.10 ",," 98,466.47 ",," 1,450,849.45 ",," 121,531.56 ",," 96,122.28 ",," 117,772.17 ",," 146,978.42 ",," 161,433.45 ",," 107,574.67 ",," 128,081.93 ",," 131,238.98 ",," 113,458.10 ",," 144,517.63 ",," 95,992.20 ",," 178,560.52 ",," 1,543,261.91 ",," 119,465.42 ",," 105,621.97 ",," 99,084.01 ",," 122,142.23 ",," 141,995.39 ",," 118,445.48 ",," 133,506.21 ",," 131,441.50 ",," 153,546.30 ",,,,,,,," 1,125,248.51 ",
45000  Refunds, -   ,, -   ,, -   ,, -   ,, -   ,, -   ,, -   ,, -   ,, -   ,, -   ,, -   ,, -   ,, -   ,, -   ,, -   ,, -   ,, -   ,, -   ,, -   ,, -   ,, -   ,, (233.96),, -   ,, (150.00),," (1,068.32)",," (1,452.28)",, -   ,, -   ,, (209.60),, -   ,, -   ,, -   ,, -   ,, -   ,, -   ,,,,,,,, (209.60),
46000  Management Fee Income, -   ,, -   ,, -   ,, -   ,, -   ,, -   ,, -   ,, -   ,, -   ,, -   ,, -   ,, -   ,, -   ,, -   ,, -   ,, -   ,, -   ,, -   ,, -   ,, -   ,, -   ,, -   ,, -   ,, -   ,, -   ,, -   ,, -   ,, -   ,, -   ,, -   ,, -   ,, -   ,, -   ,, -   ,, -   ,,,,,,,, -   ,
Total Income," 116,513.28 ",," 130,930.24 ",," 153,636.13 ",," 116,273.04 ",," 116,171.11 ",," 128,546.60 ",," 95,769.75 ",," 134,976.21 ",," 135,981.93 ",," 116,596.04 ",," 138,733.01 ",," 98,466.47 ",," 1,482,593.81 ",," 121,531.56 ",," 96,122.28 ",," 117,772.17 ",," 146,978.42 ",," 161,433.45 ",," 107,574.67 ",," 128,081.93 ",," 131,238.98 ",," 113,224.14 ",," 144,517.63 ",," 95,842.20 ",," 177,492.20 ",," 1,541,809.63 ",," 119,465.42 ",," 105,621.97 ",," 98,874.41 ",," 122,142.23 ",," 141,995.39 ",," 118,445.48 ",," 133,506.21 ",," 131,441.50 ",," 153,546.30 ",,,,,,,," 1,125,038.91 ",
Cost of Goods Sold,,,,,,,,,,,,,,,,,,,,,,,,,,,,,,,,,,,,,,,,,,,,,,,,,,,,,,,,,,,,,,,,,,,,,,,,,,,,,,
51000  Consulting," 1,102.99 ",, 760.92 ,, 72.92 ,, 453.83 ,, 212.34 ,, 72.92 ,," 12,180.00 ",, -   ,, 53.34 ,, 245.41 ,, 576.84 ,, -   ,," 15,731.51 ",, -   ,, -   ,, -   ,, -   ,," 4,885.40 ",, -   ,, -   ,, -   ,, -   ,, -   ,, -   ,, -   ,," 4,885.40 ",, -   ,, -   ,, -   ,, -   ,, -   ,, -   ,, -   ,, -   ,, 833.34 ,,,,,,,, 833.34 ,
52000  Medical Waste, -   ,, -   ,, -   ,, -   ,, -   ,, -   ,, -   ,, -   ,, -   ,, -   ,, -   ,, -   ,, -   ,, -   ,, -   ,, -   ,, -   ,, -   ,, -   ,, -   ,, -   ,, -   ,, -   ,, -   ,, -   ,, -   ,, -   ,, -   ,, -   ,, -   ,, -   ,, -   ,, -   ,, -   ,, -   ,,,,,,,, -   ,
53000  Medical Billing," 2,564.51 ",, 174.09 ,," 1,024.47 ",, 960.70 ,," 3,689.10 ",," 5,062.86 ",," 6,108.13 ",," 4,758.59 ",," 7,432.72 ",," 7,038.25 ",," 1,655.19 ",," 10,912.35 ",," 51,380.96 ",," 6,373.44 ",," 7,878.03 ",," 5,483.63 ",," 6,952.24 ",," 8,156.71 ",," 8,775.70 ",," 4,518.84 ",," 3,938.06 ",," 3,306.80 ",," 3,108.93 ",," 10,193.48 ",, -   ,," 68,685.86 ",," 4,500.00 ",," 3,200.00 ",, -   ,," 6,921.00 ",, -   ,," 14,312.45 ",," 7,331.36 ",," 11,934.69 ",," 12,424.95 ",,,,,,,," 60,624.45 ",
54000  Medical Supplies," 22,578.09 ",," 16,211.18 ",," 22,030.01 ",," 18,619.36 ",," 13,219.64 ",," 36,841.25 ",," 20,660.83 ",," 32,359.73 ",," 12,196.78 ",," 14,598.08 ",," 15,527.74 ",," 23,964.99 ",," 248,807.68 ",," 15,371.91 ",," 25,572.60 ",," 13,170.86 ",," 31,343.21 ",," 22,990.46 ",," 28,014.93 ",," 41,678.39 ",," 15,576.95 ",," 42,916.42 ",," 22,462.55 ",," 20,277.17 ",," 27,717.53 ",," 307,092.98 ",," 22,958.64 ",," 37,419.61 ",," 20,638.55 ",," 26,737.95 ",," 24,265.91 ",," 16,320.99 ",," 19,851.97 ",," 5,071.99 ",," 26,737.52 ",,,,,,,," 200,003.13 ",
55000  Contract Labor," 7,657.97 ",," 5,539.49 ",," 3,910.28 ",," 1,069.74 ",," 4,501.37 ",," 5,976.53 ",," 2,146.68 ",," 4,688.88 ",," 4,466.68 ",," 3,838.12 ",," 8,256.83 ",," 2,978.68 ",," 55,031.25 ",," 4,002.19 ",," 10,471.57 ",," 4,360.47 ",," 9,396.63 ",," 20,194.54 ",," 32,391.51 ",," 6,694.60 ",," 19,437.52 ",," 20,182.08 ",," 2,320.95 ",," 10,622.12 ",," 7,140.67 ",," 147,214.85 ",, 700.00 ,," 4,635.00 ",," 1,400.00 ",," 5,732.97 ",, 551.95 ,, 451.30 ,, -   ,, -   ,, -   ,,,,,,,," 13,471.22 ",
56000  Merchant Fees, -   ,, -   ,, -   ,, -   ,, -   ,, -   ,, -   ,, -   ,, -   ,, -   ,, -   ,, -   ,, -   ,, -   ,, -   ,, -   ,, -   ,, -   ,, -   ,, -   ,, -   ,, -   ,, -   ,, -   ,, -   ,, -   ,, -   ,, -   ,, -   ,, -   ,, -   ,, -   ,, -   ,, -   ,, -   ,,,,,,,, -   ,
57000  Patience Expense, -   ,, -   ,, -   ,, -   ,, -   ,, -   ,, -   ,, -   ,, -   ,, -   ,, -   ,, -   ,, -   ,, -   ,, -   ,, -   ,, -   ,, -   ,, -   ,, -   ,, -   ,, -   ,, -   ,, -   ,, -   ,, -   ,, -   ,, -   ,, -   ,, -   ,, -   ,, -   ,, -   ,, -   ,, -   ,,,,,,,, -   ,
57500  Chronic Care Management, -   ,, -   ,, -   ,, -   ,, -   ,, -   ,, -   ,, -   ,, -   ,, -   ,, -   ,, -   ,, -   ,, -   ,, -   ,, -   ,, -   ,, -   ,, -   ,, -   ,, -   ,, -   ,, -   ,, -   ,, -   ,, -   ,, -   ,, -   ,, -   ,, -   ,, -   ,, -   ,, -   ,, -   ,, -   ,,,,,,,, -   ,
58000  Management Fees, -   ,, -   ,, -   ,, -   ,, -   ,, -   ,, -   ,, -   ,, -   ,, -   ,, -   ,, -   ,, -   ,, -   ,, -   ,, -   ,, -   ,, -   ,, -   ,, -   ,, -   ,, -   ,, -   ,, -   ,, -   ,, -   ,, -   ,, -   ,, -   ,, -   ,, -   ,, -   ,, -   ,, -   ,, -   ,,,,,,,, -   ,
64300  Medical Books and Research, -   ,, -   ,, -   ,, -   ,, -   ,, -   ,, -   ,, -   ,, -   ,, -   ,, -   ,, -   ,, -   ,, -   ,, -   ,, -   ,, -   ,, -   ,, -   ,, -   ,, -   ,, -   ,, -   ,, -   ,, -   ,, -   ,, -   ,, -   ,, -   ,, -   ,, -   ,, -   ,, -   ,, -   ,, -   ,,,,,,,, -   ,
68200  Laboratory Fees, -   ,, -   ,, -   ,, -   ,, -   ,, -   ,, -   ,, -   ,, -   ,, -   ,, -   ,, -   ,, -   ,, -   ,, -   ,, -   ,, -   ,, -   ,, -   ,, -   ,, -   ,, -   ,, -   ,, -   ,, -   ,, -   ,, -   ,, -   ,, -   ,, -   ,, -   ,, -   ,, -   ,, -   ,, -   ,,,,,,,, -   ,
6380  Laboratory Directory, -   ,, -   ,, -   ,, -   ,, -   ,, -   ,, -   ,, -   ,, -   ,, -   ,, -   ,, -   ,, -   ,, -   ,, -   ,, -   ,, -   ,, -   ,, -   ,, -   ,, -   ,, -   ,, -   ,, -   ,, -   ,, -   ,, -   ,, -   ,, -   ,, -   ,, -   ,, -   ,, -   ,, -   ,, -   ,,,,,,,, -   ,
68300  Lab Supplies, -   ,, -   ,, -   ,, -   ,, -   ,, -   ,, -   ,, -   ,, -   ,, -   ,, -   ,, -   ,, -   ,, -   ,, -   ,, -   ,, -   ,, -   ,, -   ,, -   ,, -   ,, -   ,, -   ,, -   ,, -   ,, -   ,, -   ,, -   ,, -   ,, -   ,, -   ,, -   ,, -   ,, -   ,, -   ,,,,,,,, -   ,
Total COGS," 33,903.56 ",," 22,685.68 ",," 27,037.68 ",," 21,103.63 ",," 21,622.45 ",," 47,953.56 ",," 41,095.64 ",," 41,807.20 ",," 24,149.52 ",," 25,719.86 ",," 26,016.60 ",," 37,856.02 ",," 370,951.40 ",," 25,747.54 ",," 43,922.20 ",," 23,014.96 ",," 47,692.08 ",," 56,227.11 ",," 69,182.14 ",," 52,891.83 ",," 38,952.53 ",," 66,405.30 ",," 27,892.43 ",," 41,092.77 ",," 34,858.20 ",," 527,879.09 ",," 28,158.64 ",," 45,254.61 ",," 22,038.55 ",," 39,391.92 ",," 24,817.86 ",," 31,084.74 ",," 27,183.33 ",," 17,006.68 ",," 39,995.81 ",,,,,,,," 274,932.14 ",
Gross Profit," 82,609.72 ",," 108,244.56 ",," 126,598.45 ",," 95,169.41 ",," 94,548.66 ",," 80,593.04 ",," 54,674.11 ",," 93,169.01 ",," 111,832.41 ",," 90,876.18 ",," 112,716.41 ",," 60,610.45 ",," 1,111,642.41 ",," 95,784.02 ",," 52,200.08 ",," 94,757.21 ",," 99,286.34 ",," 105,206.34 ",," 38,392.53 ",," 75,190.10 ",," 92,286.45 ",," 46,818.84 ",," 116,625.20 ",," 54,749.43 ",," 142,634.00 ",," 1,013,930.54 ",," 91,306.78 ",," 60,367.36 ",," 76,835.86 ",," 82,750.31 ",," 117,177.53 ",," 87,360.74 ",," 106,322.88 ",," 114,434.82 ",," 113,550.49 ",,,,,,,," 850,106.77 ",
Expense,,,,,,,,,,,,,,,,,,,,,,,,,,,,,,,,,,,,,,,,,,,,,,,,,,,,,,,,,,,,,,,,,,,,,,,,,,,,,,
67800  Recruiting, -   ,, -   ,, -   ,, -   ,, -   ,, -   ,, -   ,, -   ,, -   ,, -   ,, -   ,, -   ,, -   ,, -   ,, -   ,, -   ,, -   ,, -   ,, -   ,, -   ,, -   ,, -   ,, -   ,, -   ,, -   ,, -   ,, -   ,, -   ,, -   ,, -   ,, -   ,, -   ,, -   ,, -   ,, -   ,,,,,,,, -   ,
67600  Oxygen and Gas, -   ,, -   ,, -   ,, -   ,, -   ,, -   ,, -   ,, -   ,, -   ,, -   ,, -   ,, -   ,, -   ,, -   ,, -   ,, -   ,, -   ,, -   ,, -   ,, -   ,, -   ,, -   ,, -   ,, -   ,, -   ,, -   ,, -   ,, -   ,, -   ,, -   ,, -   ,, -   ,, -   ,, -   ,, -   ,,,,,,,, -   ,
67900  Radiation Badges, -   ,, -   ,, -   ,, -   ,, -   ,, -   ,, -   ,, -   ,, -   ,, -   ,, -   ,, -   ,, -   ,, -   ,, -   ,, -   ,, -   ,, -   ,, -   ,, -   ,, -   ,, -   ,, -   ,, -   ,, -   ,, -   ,, -   ,, -   ,, -   ,, -   ,, -   ,, -   ,, -   ,, -   ,, -   ,,,,,,,, -   ,
67500  Equipment Rental, 501.53 ,, -   ,, 462.18 ,, 153.89 ,, 287.10 ,, 287.11 ,, 99.93 ,, 153.89 ,, -   ,, -   ,, -   ,, 153.89 ,," 2,099.52 ",, 853.84 ,," 1,668.29 ",, 758.94 ,," 1,307.20 ",," 1,347.26 ",, 378.77 ,, 378.77 ,," 2,770.95 ",, 378.77 ,, 811.84 ,, 378.77 ,, 468.77 ,," 11,502.17 ",, 378.77 ,, 490.95 ,, 142.91 ,, 165.01 ,, 169.22 ,, 182.18 ,, 299.13 ,, 312.58 ,, 131.30 ,,,,,,,," 2,272.05 ",
65100  Accounting, 893.37 ,," 1,043.81 ",, 140.09 ,, 383.33 ,," 2,615.34 ",, 798.34 ,, 241.66 ,," 1,614.01 ",, 280.33 ,," 1,174.67 ",," 1,019.67 ",, 599.33 ,," 10,803.95 ",," 1,964.99 ",, 650.00 ,, 821.67 ,, 366.66 ,," 3,233.00 ",," 1,485.67 ",, 675.99 ,, 686.33 ,," 1,090.00 ",, 406.00 ,, 783.00 ,," 1,491.01 ",," 13,654.32 ",, 711.33 ,, 868.83 ,, 583.33 ,, -   ,, 591.34 ,, 785.50 ,," 1,420.42 ",, 792.17 ,, 512.33 ,,,,,,,," 6,265.25 ",
65475  Credentialing, -   ,, -   ,, -   ,, -   ,, -   ,, -   ,, -   ,, -   ,, -   ,, -   ,, -   ,, -   ,, -   ,, -   ,, -   ,, -   ,, -   ,, -   ,, -   ,, -   ,, -   ,, -   ,, -   ,, -   ,, -   ,, -   ,, -   ,, -   ,, -   ,, -   ,, -   ,, -   ,, -   ,, -   ,, -   ,,,,,,,, -   ,
65900 Janitorial Expense, -   ,, -   ,, -   ,, -   ,, -   ,, -   ,, -   ,, -   ,, -   ,, -   ,, -   ,, -   ,, -   ,, -   ,, -   ,, -   ,, -   ,, -   ,, -   ,, -   ,, -   ,, -   ,, -   ,, -   ,, -   ,, -   ,, 266.67 ,, 266.67 ,, 266.67 ,, -   ,, -   ,, 266.67 ,," 1,066.67 ",, 266.67 ,, -   ,,,,,,,," 2,400.02 ",
Automobile Expense, -   ,, -   ,, -   ,, -   ,, -   ,, -   ,, 36.55 ,, 60.84 ,, -   ,, 88.56 ,, 129.91 ,, 70.03 ,, 385.89 ,, 66.48 ,, 93.49 ,, 112.36 ,, -   ,, -   ,, -   ,, -   ,, 10.82 ,, -   ,, 47.87 ,, -   ,, 31.21 ,, 362.23 ,, -   ,, -   ,, -   ,, -   ,, -   ,, -   ,, -   ,, -   ,, -   ,,,,,,,, -   ,
65210  Gas, -   ,, -   ,, -   ,, -   ,, -   ,, -   ,, -   ,, -   ,, -   ,, -   ,, -   ,, -   ,, -   ,, -   ,, -   ,, -   ,, -   ,, -   ,, -   ,, -   ,, -   ,, -   ,, -   ,, -   ,, -   ,, -   ,, -   ,, -   ,, -   ,, -   ,, -   ,, -   ,, -   ,, -   ,, -   ,,,,,,,, -   ,
65220  Parking, -   ,, -   ,, -   ,, -   ,, -   ,, -   ,, -   ,, -   ,, -   ,, -   ,, -   ,, -   ,, -   ,, -   ,, -   ,, -   ,, -   ,, -   ,, -   ,, -   ,, -   ,, -   ,, -   ,, -   ,, -   ,, -   ,, -   ,, -   ,, -   ,, -   ,, -   ,, 6.20 ,, 6.00 ,, -   ,, -   ,,,,,,,, 12.20 ,
Automobile Expense - Other, -   ,, -   ,, -   ,, -   ,, -   ,, -   ,, -   ,, -   ,, -   ,, -   ,, -   ,, -   ,, -   ,, -   ,, -   ,, -   ,, -   ,, -   ,, -   ,, -   ,, -   ,, -   ,, -   ,, -   ,, -   ,, -   ,, -   ,, 13.51 ,, -   ,, -   ,, -   ,, -   ,, -   ,, -   ,, -   ,,,,,,,, 13.51 ,
Total Automobile Expense, -   ,, -   ,, -   ,, -   ,, -   ,, -   ,, 36.55 ,, 60.84 ,, -   ,, 88.56 ,, 129.91 ,, 70.03 ,, 385.89 ,, 66.48 ,, 93.49 ,, 112.36 ,, -   ,, -   ,, -   ,, -   ,, 10.82 ,, -   ,, 47.87 ,, -   ,, 31.21 ,, 362.23 ,, -   ,, 13.51 ,, -   ,, -   ,, -   ,, 6.20 ,, 6.00 ,, -   ,, -   ,,,,,,,, 25.71 ,
65000  Advertising and Promotion, 858.34 ,, 858.34 ,," 1,161.97 ",," 6,566.59 ",," 11,731.39 ",," 11,678.04 ",," 26,629.04 ",, 923.44 ,," 13,914.94 ",," 3,524.77 ",," 2,438.95 ",, 924.76 ,," 81,210.57 ",," 1,157.58 ",," 1,056.45 ",," 1,078.31 ",," 1,419.87 ",, 451.48 ,, 326.27 ,, 355.50 ,, 132.79 ,, 304.11 ,, 346.42 ,, 196.56 ,," 1,533.18 ",," 8,358.52 ",, (301.51),, 183.74 ,," 1,682.74 ",," 1,339.66 ",," 1,530.12 ",," 1,503.74 ",," 1,489.57 ",," 1,582.33 ",, 525.91 ,,,,,,,," 9,536.30 ",
65300  Bank Service Charges, 917.37 ,," 1,030.65 ",, 106.37 ,, 78.43 ,, 110.99 ,, 88.67 ,, 177.56 ,, 172.21 ,, 166.28 ,, 165.64 ,, 166.69 ,, 178.32 ,," 3,359.18 ",, 289.50 ,, 198.84 ,, 335.27 ,, 222.03 ,, 251.44 ,, 237.13 ,, 496.87 ,, 232.35 ,, 231.64 ,, 244.53 ,, 347.09 ,, 287.75 ,," 3,374.44 ",, 341.62 ,, 247.02 ,, 347.09 ,, 368.65 ,, 660.59 ,, 376.74 ,, 313.56 ,, 351.97 ,, 272.44 ,,,,,,,," 3,279.68 ",
65350  Charitable Contributions, -   ,, -   ,, -   ,, -   ,, -   ,, -   ,, -   ,, -   ,, -   ,, -   ,, -   ,, -   ,, -   ,, -   ,, -   ,, -   ,," 1,091.88 ",, -   ,, -   ,, -   ,, -   ,, -   ,, -   ,, -   ,, -   ,," 1,091.88 ",, -   ,, -   ,, -   ,, -   ,, -   ,, -   ,, -   ,, -   ,, -   ,,,,,,,, -   ,
65700  Business Licenses and Permits, -   ,, -   ,, -   ,, -   ,, -   ,, -   ,, -   ,, -   ,, 60.00 ,, -   ,, -   ,, 568.49 ,, 628.49 ,, -   ,, -   ,, -   ,, -   ,, 492.82 ,, -   ,, 48.17 ,, -   ,, -   ,, -   ,, -   ,, 886.93 ,," 1,427.92 ",, -   ,, 888.69 ,, -   ,, -   ,, 90.88 ,, -   ,, -   ,, -   ,, 888.00 ,,,,,,,," 1,867.57 ",
66200  Telephone and Internet, 508.79 ,, 511.05 ,, 520.33 ,, 549.65 ,, 551.04 ,, 501.29 ,, 489.50 ,, 512.16 ,, 501.24 ,, 263.39 ,, 470.99 ,, 451.13 ,," 5,830.56 ",, 439.54 ,, 439.24 ,, 440.88 ,, 490.69 ,, 456.75 ,, 445.05 ,, 474.92 ,, 381.09 ,, 373.94 ,, 434.32 ,, 309.50 ,, 309.43 ,," 4,995.35 ",, 913.79 ,, 309.72 ,, 502.65 ,, 317.87 ,, 317.42 ,, 317.42 ,, 318.28 ,, 318.28 ,, 318.28 ,,,,,,,," 3,633.71 ",
65400  Continuing Education, -   ,, -   ,, -   ,, -   ,, -   ,, -   ,, -   ,, 23.00 ,, -   ,, -   ,, -   ,, -   ,, 23.00 ,, -   ,, -   ,, 60.19 ,, 382.47 ,, 60.19 ,, 70.38 ,, 50.00 ,, 60.19 ,, 60.19 ,, 60.19 ,, 60.19 ,, 956.42 ,," 1,820.41 ",, 529.00 ,, 50.00 ,, 50.00 ,, 485.99 ,, 50.00 ,, 50.00 ,, 50.00 ,, 50.00 ,, 50.00 ,,,,,,,," 1,364.99 ",
65500  Dues and Subscriptions, -   ,, 143.33 ,, -   ,, -   ,, (160.81),, -   ,, -   ,, -   ,, 32.10 ,, -   ,, -   ,, -   ,, 14.62 ,, 40.00 ,, -   ,, -   ,, -   ,, -   ,, -   ,, -   ,, -   ,, 295.00 ,, -   ,, -   ,, -   ,, 335.00 ,, 77.98 ,, 209.65 ,, 191.32 ,, -   ,, -   ,, -   ,, -   ,, -   ,, 100.00 ,,,,,,,, 578.95 ,
Insurance,,,,,,,,,,,,,,,,,,,,,,,,,,,,,,,,,,,,,,,,,,,,,,,,,,,,,,,,,,,,,,,,,,,,,,,,,,,,, -   ,
65610  Health Insurance," 2,531.07 ",," 3,021.64 ",," 2,717.98 ",," 2,789.00 ",," 2,789.00 ",," 2,531.07 ",," 3,039.77 ",," 2,813.27 ",," 2,755.19 ",," 2,812.01 ",," 2,775.02 ",," 2,893.98 ",," 33,469.00 ",," 2,949.48 ",," 2,877.96 ",," 2,871.03 ",," 2,615.31 ",, -   ,, -   ,," 2,878.32 ",," 2,809.89 ",," 2,721.06 ",," 3,082.01 ",," 3,082.01 ",," 5,821.76 ",," 31,708.83 ",," 1,655.95 ",, -   ,," 2,820.46 ",, 100.08 ,, -   ,, -   ,, -   ,, -   ,, -   ,,,,,,,," 4,576.49 ",
65620  Liability Insurance, 106.46 ,," 3,983.11 ",, 106.46 ,, 51.21 ,," 3,929.50 ",, 315.35 ,, 111.37 ,, 111.16 ,," 4,428.83 ",, -   ,," 4,317.67 ",, 111.16 ,," 17,572.28 ",, 111.16 ,," 4,363.89 ",, 111.15 ,, 52.62 ,," 4,305.58 ",, 52.62 ,, 335.12 ,," 4,850.13 ",, 116.74 ,, 116.74 ,," 4,849.90 ",," 4,346.37 ",," 23,612.02 ",, 116.74 ,," 4,849.90 ",, 116.74 ,, 116.74 ,," 4,733.14 ",, -   ,, 430.84 ,," 5,192.06 ",, -   ,,,,,,,," 15,556.16 ",
65630  Medical Malpractice, -   ,, -   ,, -   ,, -   ,, -   ,, -   ,, -   ,, -   ,, -   ,, -   ,, -   ,, -   ,, -   ,, -   ,, -   ,, -   ,, -   ,, -   ,, -   ,, -   ,, -   ,, -   ,, -   ,, -   ,, -   ,, -   ,, -   ,, -   ,, -   ,, -   ,, -   ,, -   ,, -   ,, -   ,, -   ,,,,,,,, -   ,
Insurance - Other, -   ,, -   ,, -   ,, -   ,, -   ,, -   ,, -   ,, -   ,, -   ,, -   ,, -   ,, -   ,, -   ,, -   ,, -   ,, -   ,, -   ,, -   ,, -   ,, -   ,, -   ,, -   ,, -   ,, -   ,, -   ,, -   ,, -   ,, -   ,, -   ,, -   ,, -   ,, -   ,, -   ,, -   ,, -   ,,,,,,,, -   ,
Total Insurance," 2,637.53 ",," 7,004.75 ",," 2,824.44 ",," 2,840.21 ",," 6,718.50 ",," 2,846.42 ",," 3,151.14 ",," 2,924.43 ",," 7,184.02 ",," 2,812.01 ",," 7,092.69 ",," 3,005.14 ",," 51,041.28 ",," 3,060.64 ",," 7,241.85 ",," 2,982.18 ",," 2,667.93 ",," 4,305.58 ",, 52.62 ,," 3,213.44 ",," 7,660.02 ",," 2,837.80 ",," 3,198.75 ",," 7,931.91 ",," 10,168.13 ",," 55,320.85 ",," 1,772.69 ",," 4,849.90 ",," 2,937.20 ",, 216.82 ,," 4,733.14 ",, -   ,, 430.84 ,," 5,192.06 ",, -   ,,,,,,,," 20,132.65 ",
License and Fees, -   ,, -   ,, -   ,, -   ,, -   ,, -   ,, -   ,, -   ,, -   ,, -   ,, -   ,, -   ,, -   ,, -   ,, -   ,, -   ,, -   ,, -   ,, -   ,, -   ,, -   ,, -   ,, -   ,, -   ,, -   ,, -   ,, -   ,, -   ,, -   ,, -   ,, -   ,, -   ,, -   ,, -   ,, -   ,,,,,,,, -   ,
6380  License & Fee, -   ,, -   ,, -   ,, -   ,, -   ,, -   ,, -   ,, -   ,, -   ,, -   ,, -   ,, -   ,, -   ,, -   ,, -   ,, -   ,, -   ,, -   ,, -   ,, -   ,, -   ,, -   ,, -   ,, -   ,, -   ,, -   ,, -   ,, -   ,, -   ,, -   ,, -   ,, -   ,, -   ,, -   ,, -   ,,,,,,,, -   ,
66400  Legal Fees, 128.00 ,, 671.67 ,, 282.67 ,, -   ,, -   ,, -   ,, -   ,, -   ,, -   ,, 90.67 ,, -   ,, 272.00 ,," 1,445.01 ",, -   ,, 13.33 ,, 13.33 ,, 13.33 ,, -   ,, -   ,, -   ,, -   ,, 13.33 ,, 82.83 ,, 13.33 ,, 13.33 ,, 162.81 ,, -   ,, 13.33 ,, 13.33 ,, -   ,, 13.33 ,, -   ,, -   ,, -   ,, -   ,,,,,,,, 39.99 ,
66500  Linens and Cleaning, -   ,, -   ,, -   ,, -   ,, -   ,, -   ,, -   ,, -   ,, -   ,, -   ,, -   ,, -   ,, -   ,, -   ,, -   ,, -   ,, -   ,, -   ,, -   ,, -   ,, -   ,, -   ,, -   ,, -   ,, -   ,, -   ,, -   ,, -   ,, -   ,, -   ,, -   ,, -   ,, -   ,, -   ,, -   ,,,,,,,, -   ,
Meals and Entertainment,,,,,,,,,,,,,,,,,,,,,,,,,,,,,,,,,,,,,,,,,,,,,,,,,,,,,,,,,,,,,,,,,,,,,,,,,,,,,,
64900  Office Supplies, -   ,, -   ,, -   ,, -   ,, -   ,, -   ,, -   ,, -   ,, -   ,, -   ,, -   ,, -   ,, -   ,, -   ,, -   ,, -   ,, -   ,, -   ,, -   ,, -   ,, -   ,, -   ,, -   ,, -   ,, -   ,, -   ,, -   ,, -   ,, -   ,, 188.30 ,, -   ,, -   ,, -   ,, 80.35 ,, -   ,,,,,,,, 268.65 ,
66120  Marketing Gifts, 12.33 ,, -   ,, 26.75 ,, 13.42 ,, 36.33 ,, 10.33 ,, -   ,, 95.00 ,, 28.83 ,, 43.83 ,, 60.67 ,, 47.50 ,, 374.99 ,, -   ,, 12.33 ,, -   ,, -   ,, -   ,, -   ,, -   ,, -   ,, -   ,, -   ,, -   ,, -   ,, 12.33 ,, -   ,, -   ,, -   ,, -   ,, -   ,, -   ,, -   ,, -   ,, -   ,,,,,,,, -   ,
66150  Employee meals on Premises, -   ,, -   ,, -   ,, -   ,, -   ,, -   ,, -   ,, -   ,, -   ,, -   ,, -   ,, -   ,, -   ,, -   ,, -   ,, -   ,, -   ,, -   ,, -   ,, -   ,, -   ,, -   ,, -   ,, -   ,, -   ,, -   ,, -   ,, -   ,, 18.67 ,, 30.96 ,, 22.39 ,, -   ,, -   ,, 134.01 ,, -   ,,,,,,,, 206.03 ,
66110  Business Entertainment, -   ,, -   ,, -   ,, -   ,, -   ,, -   ,, -   ,, -   ,, -   ,, -   ,, -   ,, -   ,, -   ,, -   ,, -   ,, -   ,, -   ,, -   ,, -   ,, -   ,, -   ,, -   ,, -   ,, -   ,, -   ,, -   ,, -   ,, -   ,, -   ,, -   ,, -   ,, -   ,, 198.54 ,, -   ,, -   ,,,,,,,, 198.54 ,
66160  Travel Meals, -   ,, -   ,, -   ,, -   ,, -   ,, -   ,, -   ,, -   ,, -   ,, -   ,, -   ,, -   ,, -   ,, -   ,, -   ,, -   ,, -   ,, -   ,, -   ,, -   ,, -   ,, -   ,, -   ,, -   ,, -   ,, -   ,, -   ,, 8.50 ,, 43.78 ,, -   ,, 13.52 ,, -   ,, -   ,, -   ,, 36.74 ,,,,,,,, 102.54 ,
66140  Office Snacks and Beverages, 267.68 ,, 449.13 ,, 216.14 ,, 433.33 ,, 916.74 ,," 1,731.34 ",, 391.44 ,, 712.85 ,, 711.52 ,," 1,344.89 ",, 384.54 ,," 1,144.22 ",," 8,703.82 ",, 478.37 ,, 562.19 ,," 1,556.38 ",, 481.31 ,, 565.70 ,, 316.54 ,, 229.26 ,, 540.30 ,, 135.22 ,, 274.66 ,, 97.24 ,," 2,314.91 ",," 7,552.08 ",, 445.45 ,, 157.87 ,, -   ,, 112.89 ,, 46.57 ,, 124.38 ,, 212.62 ,, 224.41 ,, 757.54 ,,,,,,,," 2,081.73 ",
66140  Office Party, -   ,, -   ,, -   ,, -   ,, -   ,, -   ,, -   ,, -   ,, -   ,, -   ,, -   ,, -   ,, -   ,, -   ,, -   ,, -   ,, -   ,, -   ,, -   ,, -   ,, -   ,, -   ,, -   ,, -   ,, -   ,, -   ,, -   ,, -   ,, -   ,, -   ,, -   ,, -   ,, -   ,, -   ,, -   ,,,,,,,, -   ,
Meals and Entertainment - Other, -   ,, -   ,, -   ,, -   ,, -   ,, -   ,, -   ,, -   ,, -   ,, -   ,, -   ,, -   ,, -   ,, -   ,, -   ,, -   ,, -   ,, -   ,, -   ,, -   ,, -   ,, -   ,, -   ,, -   ,, -   ,, -   ,, -   ,, -   ,, -   ,, -   ,, -   ,, -   ,, -   ,, -   ,, -   ,,,,,,,, -   ,
Total Meals and Entertainment, 280.01 ,, 449.13 ,, 242.89 ,, 446.75 ,, 953.07 ,," 1,741.67 ",, 391.44 ,, 807.85 ,, 740.35 ,," 1,388.72 ",, 445.21 ,," 1,191.72 ",," 9,078.81 ",, 478.37 ,, 574.52 ,," 1,556.38 ",, 481.31 ,, 565.70 ,, 316.54 ,, 229.26 ,, 540.30 ,, 135.22 ,, 274.66 ,, 97.24 ,," 2,314.91 ",," 7,564.41 ",, 445.45 ,, 166.37 ,, 62.45 ,, 332.15 ,, 82.48 ,, 124.38 ,, 411.16 ,, 438.77 ,, 794.28 ,,,,,,,," 2,857.49 ",
66600  Moving Expense, -   ,, -   ,, -   ,, -   ,, -   ,, -   ,, -   ,, -   ,, -   ,, -   ,, -   ,, -   ,, -   ,, -   ,, -   ,, -   ,, -   ,, -   ,, -   ,, -   ,, -   ,, -   ,, -   ,, -   ,, -   ,, -   ,, -   ,, -   ,, -   ,, -   ,, -   ,, -   ,, -   ,, -   ,, -   ,,,,,,,, -   ,
66800  Office Expense, 487.50 ,," 1,001.03 ",, 919.92 ,, 109.78 ,, 586.69 ,," 1,443.71 ",, 250.79 ,, 464.25 ,, 458.32 ,, 716.59 ,, 810.44 ,, 375.04 ,," 7,624.06 ",, 627.23 ,, 289.14 ,, -   ,, 93.30 ,, 49.27 ,, -   ,, 259.62 ,, 38.83 ,, -   ,, -   ,, -   ,, -   ,," 1,357.39 ",, 462.81 ,, 432.44 ,," 1,256.83 ",, 130.13 ,," 1,095.29 ",, 189.63 ,, 282.17 ,, -   ,, 166.84 ,,,,,,,," 4,016.14 ",
66900  Postage, -   ,, 67.00 ,, 78.76 ,, 12.30 ,, -   ,, 33.33 ,, -   ,, 73.51 ,, 134.96 ,, 22.00 ,, 110.66 ,, -   ,, 532.52 ,, -   ,, -   ,, -   ,, 186.36 ,, 8.73 ,, -   ,, 45.33 ,, 9.68 ,, -   ,, -   ,, 123.82 ,, 34.78 ,, 408.70 ,, -   ,, -   ,, -   ,, 45.75 ,, 23.74 ,, -   ,, 10.48 ,, -   ,, 10.40 ,,,,,,,, 90.37 ,
Payroll,,,,,,,,,,,,,,,,,,,,,,,,,,,,,,,,,,,,,,,,,,,,,,,,,,,,,,,,,,,,,,,,,,,,,,,,,,,,,,
In Office Payroll,,,,,,,,,,,,,,,,,,,,,,,,,,,,,,,,,,,,,,,,,,,,,,,,,,,,,,,,,,,,,,,,,,,,,,,,,,,,,,
66051  Wages," 33,937.16 ",," 30,967.08 ",," 29,549.39 ",," 32,109.72 ",," 31,056.71 ",," 33,422.95 ",," 29,150.19 ",," 29,231.74 ",," 31,135.68 ",," 29,748.84 ",," 31,860.18 ",," 38,514.23 ",," 380,683.87 ",," 31,946.20 ",," 31,916.17 ",," 30,487.25 ",," 4,028.93 ",," 5,026.87 ",," 4,367.71 ",," 5,710.34 ",," 5,029.72 ",," 4,173.83 ",," 4,595.36 ",," 4,417.67 ",," 5,044.73 ",," 136,744.78 ",," 5,256.56 ",," 5,435.45 ",, -   ,," 6,438.45 ",," 6,554.00 ",," 6,283.00 ",," 6,365.21 ",," 6,018.74 ",," 5,282.62 ",,,,,,,," 47,634.03 ",
66052  Bonus, -   ,, -   ,, -   ,, -   ,, -   ,, -   ,, -   ,, -   ,, -   ,, -   ,, -   ,, -   ,, -   ,, -   ,, -   ,, -   ,, -   ,, -   ,, -   ,, -   ,, -   ,, -   ,, -   ,, -   ,, -   ,, -   ,, -   ,, -   ,, -   ,, -   ,, -   ,, -   ,, -   ,, -   ,, -   ,,,,,,,, -   ,
66053  NP Extra Visits, -   ,, -   ,, -   ,, -   ,, -   ,, -   ,, -   ,, -   ,, -   ,, -   ,, -   ,, -   ,, -   ,, -   ,, -   ,, -   ,, -   ,, -   ,, -   ,, -   ,, -   ,, -   ,, -   ,, -   ,, -   ,, -   ,, -   ,, -   ,, -   ,, -   ,, -   ,, -   ,, -   ,, -   ,, -   ,,,,,,,, -   ,
66054  Telehealth, -   ,, -   ,, -   ,, -   ,, -   ,, -   ,, -   ,, -   ,, -   ,, -   ,, -   ,, -   ,, -   ,, -   ,, -   ,, -   ,, -   ,, -   ,, -   ,, -   ,, -   ,, -   ,, -   ,, -   ,, -   ,, -   ,, -   ,, -   ,, -   ,, -   ,, -   ,, -   ,, -   ,, -   ,, -   ,,,,,,,, -   ,
66055  Administration, -   ,, -   ,, -   ,, -   ,, -   ,, -   ,, -   ,, -   ,, -   ,, -   ,, -   ,, -   ,, -   ,, -   ,, -   ,, -   ,, -   ,, -   ,, -   ,, -   ,, -   ,, -   ,, -   ,, -   ,, -   ,, -   ,, -   ,, -   ,, -   ,, -   ,, -   ,, -   ,, -   ,, -   ,, -   ,,,,,,,, -   ,
66061  Payroll Taxes," 2,996.77 ",," 2,627.10 ",," 2,461.11 ",," 2,491.50 ",," 2,361.90 ",," 2,564.82 ",," 2,236.35 ",," 2,187.85 ",," 2,307.53 ",," 2,251.95 ",," 2,441.56 ",," 2,908.11 ",," 29,836.55 ",," 3,035.41 ",," 2,294.75 ",," 2,370.11 ",, 330.51 ,, 404.40 ,, 350.38 ,, 421.02 ,, 392.23 ,, 341.92 ,, 377.22 ,, 354.41 ,, 393.77 ,," 11,066.13 ",, 617.13 ,, 574.98 ,, -   ,, 520.70 ,, 506.22 ,, 478.84 ,, 477.05 ,, 449.23 ,, 398.40 ,,,,,,,," 4,022.55 ",
66062  Unemployment, -   ,, -   ,, -   ,, -   ,, -   ,, -   ,, -   ,, -   ,, -   ,, -   ,, -   ,, -   ,, -   ,, -   ,, -   ,, -   ,, -   ,, -   ,, -   ,, -   ,, -   ,, -   ,, -   ,, -   ,, -   ,, -   ,, -   ,, -   ,, -   ,, -   ,, -   ,, -   ,, -   ,, -   ,, -   ,,,,,,,, -   ,
66071  Health Insurance," 4,807.40 ",," 4,707.13 ",," 4,694.43 ",," 4,761.91 ",," 5,328.14 ",," 6,423.68 ",," 4,947.40 ",," 4,855.33 ",," 4,535.38 ",," 3,714.69 ",," 3,689.69 ",," 3,498.80 ",," 55,963.98 ",," 4,830.56 ",," 3,983.63 ",," 3,983.63 ",," 1,162.77 ",," 1,371.16 ",," 1,162.77 ",," 1,979.43 ",, 752.54 ,, 960.93 ,, 752.54 ,, 752.54 ,," 1,755.66 ",," 23,448.16 ",, -   ,, -   ,, -   ,," 3,150.18 ",, -   ,, -   ,, -   ,, -   ,, -   ,,,,,,,," 3,150.18 ",
66072  Simple Plan Match, -   ,, -   ,, -   ,, -   ,, -   ,, -   ,, -   ,, -   ,, -   ,, -   ,, -   ,, -   ,, -   ,, -   ,, -   ,, -   ,, -   ,, -   ,, -   ,, -   ,, -   ,, -   ,, -   ,, -   ,, -   ,, -   ,, 720.70 ,, -   ,, -   ,, 362.84 ,, 268.32 ,, 268.32 ,, -   ,, -   ,, -   ,,,,,,,," 1,620.18 ",
In Office Payroll - Other, -   ,, -   ,, -   ,, -   ,, -   ,, -   ,, -   ,, -   ,, -   ,, -   ,, -   ,, -   ,, -   ,, -   ,, -   ,, -   ,, -   ,, -   ,, -   ,, -   ,, -   ,, -   ,, -   ,, -   ,, -   ,, -   ,, -   ,, -   ,," 5,608.62 ",, -   ,, -   ,, -   ,, -   ,, -   ,, -   ,,,,,,,," 5,608.62 ",
Total In Office Payroll," 41,741.33 ",," 38,301.31 ",," 36,704.93 ",," 39,363.13 ",," 38,746.75 ",," 42,411.45 ",," 36,333.94 ",," 36,274.92 ",," 37,978.59 ",," 35,715.48 ",," 37,991.43 ",," 44,921.14 ",," 466,484.40 ",," 39,812.17 ",," 38,194.55 ",," 36,840.99 ",," 5,522.21 ",," 6,802.43 ",," 5,880.86 ",," 8,110.79 ",," 6,174.49 ",," 5,476.68 ",," 5,725.12 ",," 5,524.62 ",," 7,194.16 ",," 171,259.07 ",," 6,594.39 ",," 6,010.43 ",," 5,608.62 ",," 10,472.17 ",," 7,328.54 ",," 7,030.16 ",," 6,842.26 ",," 6,467.97 ",," 5,681.02 ",,,,,,,," 62,035.56 ",
Shared Payroll,,,,,,,,,,,,,,,,,,,,,,,,,,,,,,,,,,,,,,,,,,,,,,,,,,,,,,,,,,,,,,,,,,,,,,,,,,,,,,
66030  Wages, -   ,, -   ,, -   ,, -   ,, -   ,, -   ,, -   ,, -   ,, -   ,, -   ,, -   ,, -   ,, -   ,, -   ,, -   ,, -   ,, -   ,, -   ,, -   ,, -   ,, -   ,, -   ,, -   ,, -   ,, -   ,, -   ,," 20,290.33 ",," 21,097.13 ",, -   ,," 21,799.79 ",," 35,167.31 ",," 23,163.10 ",," 23,088.71 ",," 23,423.72 ",," 23,403.64 ",,,,,,,," 191,433.73 ",
66033  Payroll Tax, -   ,, -   ,, -   ,, -   ,, -   ,, -   ,, -   ,, -   ,, -   ,, -   ,, -   ,, -   ,, -   ,, -   ,, -   ,, -   ,, -   ,, -   ,, -   ,, -   ,, -   ,, -   ,, -   ,, -   ,, -   ,, -   ,," 3,172.49 ",," 1,688.64 ",," 1,556.94 ",," 1,641.64 ",," 2,672.43 ",," 1,747.18 ",," 1,722.13 ",," 1,747.04 ",," 1,745.49 ",,,,,,,," 17,693.98 ",
66031  Payroll Overhead, -   ,, -   ,, -   ,, -   ,, -   ,, -   ,, -   ,, -   ,, -   ,, -   ,, -   ,, -   ,, -   ,, -   ,, -   ,, -   ,, -   ,, -   ,, -   ,, -   ,, -   ,, -   ,, -   ,, -   ,, -   ,, -   ,, -   ,, -   ,, -   ,, -   ,, -   ,, -   ,, -   ,, -   ,, -   ,,,,,,,, -   ,
66032  Health Insurance, -   ,, -   ,, -   ,, -   ,, -   ,, -   ,, -   ,, -   ,, -   ,, -   ,, -   ,, -   ,, -   ,, -   ,, -   ,, -   ,, -   ,, -   ,, -   ,, -   ,, -   ,, -   ,, -   ,, -   ,, -   ,, -   ,," 1,122.72 ",," 2,245.44 ",," 2,245.44 ",," 2,245.44 ",," 4,418.28 ",," 2,945.52 ",," 2,945.52 ",," 2,945.52 ",," 2,945.52 ",,,,,,,," 24,059.40 ",
66038  Contract Labor, -   ,, -   ,, -   ,, -   ,, -   ,, -   ,, -   ,, -   ,, -   ,, -   ,, -   ,, -   ,, -   ,, -   ,, -   ,, -   ,, -   ,, -   ,, -   ,, -   ,, -   ,, -   ,, -   ,, -   ,, -   ,, -   ,, -   ,, -   ,, -   ,, -   ,, -   ,, -   ,, -   ,, -   ,, -   ,,,,,,,, -   ,
66039  Reimbursments, -   ,, -   ,, -   ,, -   ,, -   ,, -   ,, -   ,, -   ,, -   ,, -   ,, -   ,, -   ,, -   ,, -   ,, -   ,, -   ,, -   ,, -   ,, -   ,, -   ,, -   ,, -   ,, -   ,, -   ,, -   ,, -   ,, -   ,, 500.00 ,, 475.00 ,, 400.00 ,," 1,000.00 ",, 500.00 ,, -   ,, 700.00 ,, 450.00 ,,,,,,,," 4,025.00 ",
Total Shared Payroll, -   ,, -   ,, -   ,, -   ,, -   ,, -   ,, -   ,, -   ,, -   ,, -   ,, -   ,, -   ,, -   ,, -   ,, -   ,, -   ,, -   ,, -   ,, -   ,, -   ,, -   ,, -   ,, -   ,, -   ,, -   ,, -   ,," 24,585.54 ", -   ," 25,531.21 ", -   ," 4,277.38 ", -   ," 26,086.87 ", -   ," 43,258.02 ", -   ," 28,355.80 ", -   ," 27,756.36 ", -   ," 28,816.28 ", -   ," 28,544.65 ", -   ,, -   ,, -   ,,," 237,212.11 ",
Physician Payroll,,,,,,,,,,,,,,,,,,,,,,,,,,,,,,,,,,,,,,,,,,,,,,,,,,,,,,,,,,,,,,,,,,,,,,,,,,,,,,
66010  Wages," 21,000.00 ",," 15,000.00 ",," 30,000.00 ",, -   ,," 35,000.00 ",," 22,500.00 ",," 22,500.00 ",, -   ,," 23,000.00 ",, -   ,," 68,460.00 ",," 20,000.00 ",," 257,460.00 ",," 20,000.00 ",," 37,000.00 ",," 22,000.00 ",," 22,000.00 ",," 22,000.00 ",," 22,000.00 ",," 11,000.00 ",," 22,000.00 ",," 22,000.00 ",," 22,000.00 ",," 11,000.00 ",," 11,000.00 ",," 244,000.00 ",," 33,000.00 ",, -   ,," 20,043.81 ",," 22,000.00 ",," 22,000.00 ",," 11,000.00 ",," 66,000.00 ",," 22,000.00 ",," 11,000.00 ",,,,,,,," 207,043.81 ",
66011  Payroll Tax, -   ,, -   ,, -   ,, -   ,, -   ,, -   ,, -   ,, -   ,, -   ,, -   ,, -   ,, -   ,, -   ,, -   ,, -   ,, -   ,, -   ,, -   ,, -   ,, -   ,, -   ,, -   ,, -   ,, -   ,, -   ,, -   ,, -   ,, -   ,, -   ,, -   ,, -   ,, -   ,, -   ,, -   ,, -   ,,,,,,,, -   ,
66012  Provider Benefits," 1,295.76 ",, -   ,," 2,177.82 ",," 1,577.86 ",, -   ,," 2,429.73 ",," 1,644.12 ",, 363.36 ,," 23,477.79 ",, 865.95 ,, -   ,, 735.64 ,," 34,568.03 ",," 2,452.57 ",," 1,157.23 ",," 15,188.45 ",," 1,440.73 ",," 3,136.59 ",," 3,171.36 ",, 125.62 ,, 352.39 ,, 354.69 ,, 464.83 ,, 357.86 ,, 533.80 ,," 28,736.12 ",," 4,022.21 ",, 801.67 ,, -   ,, -   ,," 3,294.08 ",," 3,499.97 ",," 3,250.26 ",," 3,467.09 ",," 3,250.26 ",,,,,,,," 21,585.54 ",
66075  Physician Bonus, -   ,, -   ,, -   ,, -   ,, -   ,, -   ,, -   ,, -   ,, -   ,, -   ,, -   ,, -   ,, -   ,, -   ,, -   ,, -   ,, -   ,, -   ,, -   ,, -   ,, -   ,, -   ,, -   ,, -   ,, -   ,, -   ,, -   ,, -   ,, -   ,, -   ,, -   ,, -   ,, -   ,, -   ,, -   ,,,,,,,, -   ,
Physician Payroll - Other, -   ,, -   ,, -   ,, -   ,, -   ,, -   ,, -   ,, -   ,, -   ,, -   ,, -   ,, -   ,, -   ,, -   ,, -   ,, -   ,, -   ,, -   ,, -   ,, -   ,, -   ,, -   ,, -   ,, -   ,, -   ,, -   ,, -   ,," 22,000.00 ",," 22,000.00 ",, -   ,, -   ,, -   ,, -   ,, -   ,, -   ,,,,,,,," 44,000.00 ",
Total Physician Payroll," 22,295.76 ",," 15,000.00 ",," 32,177.82 ",," 1,577.86 ",," 35,000.00 ",," 24,929.73 ",," 24,144.12 ",, 363.36 ,," 46,477.79 ",, 865.95 ,," 68,460.00 ",," 20,735.64 ",," 292,028.03 ",," 22,452.57 ",," 38,157.23 ",," 37,188.45 ",," 23,440.73 ",," 25,136.59 ",," 25,171.36 ",," 11,125.62 ",," 22,352.39 ",," 22,354.69 ",," 22,464.83 ",," 11,357.86 ",," 11,533.80 ",," 272,736.12 ",," 37,022.21 ",," 22,801.67 ",," 42,043.81 ",," 22,000.00 ",," 25,294.08 ",," 14,499.97 ",," 69,250.26 ",," 25,467.09 ",," 14,250.26 ",,,,,,,," 272,629.35 ",
Payroll - Other,,,,,,,,,,,,,,,,,,,,,,,,,,,,,,,,,,,,,,,,,,,,,,,,,,,,,,,,,,,,,,,,,,,,,,,,,,,,,,
66020  Salary - Other, -   ,, -   ,, -   ,, -   ,, -   ,, -   ,, -   ,, -   ,, -   ,, -   ,, -   ,, -   ,, -   ,, -   ,, -   ,, -   ,, -   ,, -   ,, -   ,, -   ,, -   ,, -   ,, -   ,, -   ,, -   ,, -   ,,,,,,,,,,,,,,,,,,,,,,,,,,,
Total Payroll," 64,037.09 ",," 53,301.31 ",," 68,882.75 ",," 40,940.99 ",," 73,746.75 ",," 67,341.18 ",," 60,478.06 ",," 36,638.28 ",," 84,456.38 ",," 36,581.43 ",," 106,451.43 ",," 65,656.78 ",," 758,512.43 ",," 62,264.74 ",," 76,351.78 ",," 74,029.44 ",," 28,962.94 ",," 31,939.02 ",," 31,052.22 ",," 19,236.41 ",," 28,526.88 ",," 27,831.37 ",," 28,189.95 ",," 16,882.48 ",," 18,727.96 ",," 443,995.19 ",," 68,202.14 ",," 54,343.31 ",," 51,929.81 ",," 58,559.04 ",," 75,880.64 ",," 49,885.93 ",," 103,848.88 ",," 60,751.34 ",," 48,475.93 ",,,,,,,," 571,877.02 ",
65800  Payroll Processing Fees, 447.72 ,, 410.41 ,, 410.41 ,, 410.41 ,, 410.41 ,, 410.41 ,, 410.41 ,, 410.41 ,, 407.33 ,, 407.33 ,, 407.33 ,, 407.33 ,," 4,949.91 ",, 407.33 ,, -   ,, 407.33 ,, 407.33 ,, 407.33 ,, 407.33 ,, 407.33 ,, 407.33 ,, 407.33 ,, 407.33 ,, 407.33 ,, 407.33 ,," 4,480.63 ",, 407.33 ,, 407.33 ,, 407.33 ,, 407.33 ,, 407.33 ,, 407.33 ,, 679.91 ,, 697.98 ,, 696.17 ,,,,,,,," 4,518.04 ",
67300  Printing, -   ,, 161.64 ,, 73.07 ,, 95.08 ,, -   ,, 135.81 ,, 116.32 ,, 143.41 ,, -   ,, 27.06 ,, -   ,, 116.32 ,, 868.71 ,, 45.33 ,, -   ,, 71.42 ,, 144.89 ,, 146.12 ,, 34.31 ,, -   ,, -   ,, 195.60 ,, -   ,, -   ,, 125.21 ,, 762.88 ,, -   ,, -   ,, -   ,, -   ,, -   ,, -   ,, -   ,, -   ,, -   ,,,,,,,, -   ,
66700  Professional Fees, -   ,, -   ,, -   ,, 607.76 ,, -   ,, -   ,, 510.19 ,, 10.19 ,, 10.19 ,, 10.19 ,, 10.19 ,, 10.19 ,," 1,168.90 ",, 10.19 ,, 10.19 ,, -   ,, -   ,, -   ,, -   ,, -   ,, -   ,, 76.00 ,, -   ,, -   ,, -   ,, 96.38 ,, 13.33 ,, -   ,, -   ,," 2,086.23 ",, 555.56 ,, 630.56 ,, 555.56 ,," 2,513.33 ",, 568.89 ,,,,,,,," 6,923.46 ",
67100  Rent Expense," 4,305.73 ",," 4,305.73 ",," 4,305.73 ",," 4,305.73 ",," 4,305.73 ",," 4,397.34 ",," 4,397.34 ",," 4,397.34 ",," 4,397.34 ",," 4,397.34 ",," 4,397.34 ",," 4,397.34 ",," 52,310.03 ",," 4,397.34 ",," 4,397.34 ",," 4,397.34 ",," 4,397.34 ",," 4,397.34 ",," 4,488.94 ",," 4,488.94 ",," 4,488.94 ",," 4,488.94 ",," 4,488.94 ",," 4,488.94 ",," 4,488.94 ",," 53,409.28 ",," 4,488.94 ",," 4,488.94 ",," 4,488.94 ",," 4,488.94 ",," 4,488.94 ",," 4,580.55 ",," 4,580.55 ",," 4,580.55 ",," 4,580.55 ",,,,,,,," 40,766.90 ",
67200  Repairs and Maintenance, -   ,, -   ,, 453.57 ,, -   ,, -   ,, -   ,, -   ,, 413.14 ,, -   ,, 478.69 ,, -   ,, -   ,," 1,345.40 ",, -   ,," 2,428.00 ",, -   ,, -   ,, -   ,, -   ,, -   ,, -   ,, -   ,, -   ,, -   ,, -   ,," 2,428.00 ",, -   ,, -   ,, -   ,, -   ,, -   ,, -   ,, -   ,, -   ,, -   ,,,,,,,, -   ,
67400  Security, -   ,, -   ,, -   ,, -   ,, -   ,, -   ,, -   ,, -   ,, -   ,, -   ,, -   ,, -   ,, -   ,, -   ,, -   ,, -   ,, -   ,, -   ,, -   ,, -   ,, -   ,, -   ,, -   ,, -   ,, -   ,, -   ,, -   ,, -   ,, -   ,, -   ,, -   ,, -   ,, -   ,, -   ,, -   ,,,,,,,, -   ,
67700  Small Medical Equipment, -   ,, -   ,, -   ,, -   ,, -   ,, 39.00 ,, -   ,, -   ,, -   ,, -   ,, -   ,, -   ,, 39.00 ,, -   ,, -   ,, -   ,, -   ,, -   ,, -   ,, -   ,, -   ,, -   ,, -   ,, -   ,, -   ,, -   ,, -   ,, -   ,, -   ,, -   ,, -   ,, -   ,, -   ,, -   ,, -   ,,,,,,,, -   ,
Taxes,,,,,,,,,,,,,,,,,,,,,,,,,,,,,,,,,,,,,,,,,,,,,,,,,,,,,,,,,,,,,,,,,,,,,,,,,,,,,,
68010  Personal Property Tax, -   ,, -   ,, -   ,, -   ,, -   ,, -   ,, -   ,, -   ,, -   ,, -   ,, -   ,, -   ,, -   ,, -   ,, -   ,, -   ,, -   ,, -   ,, -   ,, -   ,, -   ,, -   ,, -   ,, -   ,, -   ,, -   ,, -   ,," 1,015.63 ",, 934.19 ,, -   ,, -   ,, -   ,, -   ,, -   ,, -   ,,,,,,,," 1,949.82 ",
68020  Franchise Tax, -   ,, -   ,, -   ,, -   ,, -   ,, -   ,, -   ,, -   ,, -   ,, -   ,, -   ,, -   ,, -   ,, -   ,, -   ,, -   ,, -   ,, -   ,, -   ,, -   ,, -   ,, -   ,, -   ,, -   ,, -   ,, -   ,, -   ,, -   ,, -   ,, -   ,, -   ,, -   ,, -   ,, -   ,, -   ,,,,,,,, -   ,
68000  Taxes - Other, -   ,, -   ,, -   ,, -   ,, -   ,, -   ,, -   ,, -   ,, -   ,, -   ,, -   ,, -   ,, -   ,, -   ,, -   ,, -   ,, -   ,, -   ,, -   ,, -   ,, -   ,, -   ,, -   ,, -   ,, -   ,, -   ,, -   ,, -   ,, 200.00 ,, -   ,, -   ,, -   ,, -   ,, -   ,, -   ,,,,,,,, 200.00 ,
Total 68000  Taxes," 1,655.79 ",, 29.32 ,, -   ,, -   ,, 400.00 ,, -   ,, -   ,, 8.86 ,, -   ,, -   ,, -   ,, 928.42 ,," 3,022.39 ",, 827.85 ,, -   ,, 200.00 ,, -   ,, -   ,, -   ,, -   ,, -   ,, -   ,, -   ,, -   ,, 844.41 ,," 1,872.26 ",, -   ,, -   ,, -   ,, -   ,, -   ,, -   ,, -   ,, -   ,, -   ,,,,,,,, -   ,
68100  Computer Expense, 942.23 ,, 71.06 ,, 71.06 ,, 71.06 ,, 101.72 ,, 138.10 ,, 101.72 ,, 774.09 ,, 107.42 ,, 143.50 ,," 1,548.42 ",, 130.01 ,," 4,200.39 ",," 3,305.10 ",, -   ,, 76.75 ,, 71.07 ,, 133.95 ,, 76.76 ,, 76.76 ,, 89.20 ,, 266.86 ,, 140.06 ,, 578.40 ,," 1,863.34 ",," 6,678.25 ",," 4,243.15 ",," 2,353.77 ",," 1,723.01 ",," 1,918.63 ",," 1,858.39 ",," 1,402.46 ",," 2,411.55 ",," 1,835.00 ",," 1,833.89 ",,,,,,,," 19,579.85 ",
68400  Travel Expense, -   ,, 12.76 ,, -   ,, -   ,, -   ,, -   ,, -   ,, 526.98 ,, -   ,," 1,500.51 ",, 63.62 ,, -   ,," 2,103.87 ",, -   ,, -   ,, 603.29 ,, 668.95 ,, -   ,, -   ,, -   ,, -   ,, 723.97 ,, 476.16 ,, 225.06 ,, -   ,," 2,697.43 ",, -   ,, 895.50 ,, -   ,, 190.00 ,, -   ,, -   ,, -   ,, -   ,, -   ,,,,,,,," 1,085.50 ",
68500  Uniforms, -   ,, -   ,, -   ,, -   ,, -   ,, -   ,, -   ,, -   ,, -   ,, -   ,, -   ,, -   ,, -   ,, -   ,, -   ,, -   ,, -   ,, -   ,, -   ,, -   ,, -   ,, -   ,, -   ,, -   ,, -   ,, -   ,, -   ,, -   ,, -   ,, -   ,, -   ,, -   ,, -   ,, -   ,, -   ,,,,,,,, -   ,
68700  Conference Fees, -   ,, -   ,, -   ,, -   ,, -   ,, -   ,, -   ,, -   ,, 841.66 ,, -   ,, -   ,, -   ,, 841.66 ,, -   ,, -   ,, -   ,, -   ,, 499.00 ,, -   ,, -   ,, -   ,, -   ,, -   ,, -   ,, -   ,, 499.00 ,, -   ,, -   ,, -   ,, -   ,, -   ,, -   ,, -   ,, -   ,, -   ,,,,,,,, -   ,
68600  Utilities, 414.97 ,, 414.97 ,, 762.82 ,, 67.30 ,, 415.07 ,, 413.43 ,, 413.43 ,, 413.43 ,, 413.43 ,, 413.41 ,, 413.44 ,, 394.88 ,," 4,950.58 ",, 409.60 ,, 419.66 ,, 777.46 ,, 61.84 ,," 1,135.27 ",, 61.19 ,, 418.38 ,, 61.20 ,, 419.03 ,, 419.02 ,, 420.83 ,, 420.83 ,," 5,024.31 ",, 429.76 ,, 429.67 ,, -   ,, 359.54 ,, 359.54 ,, 359.53 ,, 407.35 ,, 409.78 ,, 409.78 ,,,,,,,," 3,164.95 ",
69900  Answering Service, -   ,, -   ,, -   ,, -   ,, -   ,, -   ,, -   ,, -   ,, -   ,, -   ,, -   ,, -   ,, -   ,, -   ,, -   ,, -   ,, -   ,, -   ,, -   ,, -   ,, -   ,, -   ,, -   ,, -   ,, -   ,, -   ,, 79.08 ,, 87.40 ,, 64.91 ,, -   ,, -   ,, -   ,, -   ,, -   ,, -   ,,,,,,,, 231.39 ,
70000 Miscellaneous, -   ,, -   ,, -   ,, -   ,, -   ,, -   ,, -   ,, -   ,, -   ,, -   ,, -   ,, -   ,, -   ,, -   ,, -   ,, -   ,, -   ,, -   ,, -   ,, -   ,, -   ,, -   ,, -   ,, -   ,, -   ,, -   ,, -   ,, -   ,, -   ,, -   ,, -   ,, -   ,, -   ,, -   ,, -   ,,,,,,,, -   ,
Total Expense," 79,015.97 ",," 71,487.96 ",," 81,699.03 ",," 57,639.26 ",," 102,772.99 ",," 92,293.85 ",," 97,895.08 ",," 51,465.72 ",," 114,106.29 ",," 54,206.48 ",," 125,976.98 ",," 79,831.12 ",," 1,008,390.73 ",," 80,645.65 ",," 95,832.12 ",," 88,722.54 ",," 43,437.39 ",," 49,880.25 ",," 39,433.18 ",," 30,855.69 ",," 46,096.90 ",," 40,129.10 ",," 40,028.87 ",," 33,244.45 ",," 45,373.87 ",," 633,680.01 ",," 83,462.33 ",," 73,012.37 ",," 67,784.71 ",," 71,411.74 ",," 92,907.95 ",," 61,068.82 ",," 118,582.08 ",," 80,092.81 ",," 60,334.99 ",,,,,,,," 708,657.80 ",
Net Ordinary Income," 3,593.75 ",," 36,756.60 ",," 44,899.42 ",," 37,530.15 ",," (8,224.33)",," (11,700.81)",," (43,220.97)",," 41,703.29 ",," (2,273.88)",," 36,669.70 ",," (13,260.57)",," (19,220.67)",," 103,251.68 ",," 15,138.37 ",," (43,632.04)",," 6,034.67 ",," 55,848.95 ",," 55,326.09 ",," (1,040.65)",," 44,334.41 ",," 46,189.55 ",," 6,689.74 ",," 76,596.33 ",," 21,504.98 ",," 97,260.13 ",," 380,250.53 ",," 7,844.45 ",," (12,645.01)",," 9,051.15 ",," 11,338.57 ",," 24,269.58 ",," 26,291.92 ",," (12,259.20)",," 34,342.01 ",," 53,215.50 ",,,,,,,," 141,448.97 ",
Other Income/Expense,,,,,,,,,,,,,,,,,,,,,,,,,,,,,,,,,,,,,,,,,,,,,,,,,,,,,,,,,,,,,,,,,,,,,,,,,,,,,,
93000  Interest Income, -   ,, -   ,, -   ,, -   ,, -   ,, -   ,, -   ,, -   ,, -   ,, 0.65 ,, -   ,, -   ,, 0.65 ,, -   ,, -   ,, -   ,, -   ,, -   ,, -   ,, -   ,, -   ,, -   ,, 0.65 ,, 0.65 ,, -   ,, 1.30 ,, -   ,, -   ,, -   ,, -   ,, -   ,, -   ,, -   ,, -   ,, 0.64 ,,,,,,,,,
Total Other Income, -   ,, -   ,, -   ,, -   ,, -   ,, -   ,, -   ,, -   ,, -   ,, 0.65 ,, -   ,, -   ,, 0.65 ,, -   ,, -   ,, -   ,, -   ,, -   ,, -   ,, -   ,, -   ,, -   ,, 0.65 ,, 0.65 ,, -   ,, 1.30 ,, -   ,, -   ,, -   ,, -   ,, -   ,, -   ,, -   ,, -   ,, 0.64 ,,,,,,,, -   ,
Other Expense,,,,,,,,,,,,,,,,,,,,,,,,,,,,,,,,,,,,,,,,,,,,,,,,,,,,,,,,,,,,,,,,,,,,,,,,,,,,,,
81100  APP Sweep, -   ,, -   ,, -   ,, -   ,, -   ,, -   ,, -   ,, -   ,, -   ,, -   ,, -   ,, -   ,, -   ,, -   ,, -   ,, -   ,, -   ,, -   ,, -   ,, -   ,, -   ,, -   ,, -   ,, -   ,, -   ,, -   ,," 6,000.00 ",," (6,000.00)",, -   ,, -   ,, -   ,, -   ,, -   ,, -   ,, -   ,,,,,,,, -   ,
80500  Other Expenses, -   ,, -   ,, -   ,, -   ,, -   ,, -   ,, -   ,, -   ,, -   ,, -   ,, -   ,, -   ,, -   ,, -   ,, -   ,, -   ,, -   ,, -   ,, -   ,, -   ,, -   ,, -   ,, -   ,, -   ,, -   ,, -   ,, -   ,, -   ,, -   ,, -   ,, -   ,, -   ,, -   ,, -   ,, -   ,,,,,,,, -   ,
81000  APP Pearland Clearing, -   ,, -   ,, -   ,, -   ,, -   ,, -   ,, -   ,, -   ,, -   ,, -   ,, -   ,, -   ,, -   ,, -   ,, -   ,, -   ,, -   ,, -   ,, -   ,, -   ,, -   ,, -   ,, -   ,, -   ,, -   ,, -   ,, -   ,, -   ,, -   ,, -   ,, -   ,, -   ,, -   ,, -   ,, -   ,,,,,,,, -   ,
84000  Depreciation Expense, -   ,, -   ,, -   ,, -   ,, -   ,, -   ,, -   ,, -   ,, -   ,, 274.66 ,, -   ,, -   ,, 274.66 ,, -   ,, -   ,, -   ,, -   ,, -   ,, -   ,, -   ,, -   ,, -   ,, -   ,, -   ,, -   ,, -   ,, -   ,, -   ,, -   ,, -   ,, -   ,, -   ,, -   ,, -   ,, -   ,,,,,,,, -   ,
80000  Management Fee Paid, -   ,, -   ,, -   ,, -   ,, -   ,, -   ,, -   ,, -   ,, -   ,, -   ,, -   ,, -   ,, -   ,, -   ,, -   ,, -   ,," 40,500.00 ",," 36,000.00 ",," 49,674.09 ",," 33,123.61 ",," 32,010.87 ",," 32,691.87 ",," 46,013.35 ",," 16,450.00 ",," 35,000.00 ",," 321,463.79 ",," 34,000.00 ",," 27,500.00 ",," 26,500.00 ",," 23,000.00 ",," 33,080.00 ",," 10,000.00 ",," 15,000.00 ",," 43,000.00 ",," 20,000.00 ",,,,,,,," 232,080.00 ",
83000  Ask My Accountant, -   ,, -   ,, -   ,, -   ,, -   ,, -   ,, -   ,, -   ,, -   ,, -   ,, -   ,, -   ,, -   ,, -   ,, -   ,, -   ,, -   ,, -   ,, -   ,, -   ,, -   ,, -   ,, -   ,, -   ,, -   ,, -   ,, -   ,, -   ,, -   ,, -   ,, -   ,, -   ,, -   ,, -   ,, -   ,,,,,,,, -   ,
85000  Interest Expense, 113.78 ,, 359.57 ,, 148.67 ,, 88.39 ,, 220.97 ,, 168.40 ,, 240.68 ,, 219.94 ,," 1,156.69 ",, 222.18 ,, 67.67 ,, -   ,," 3,006.94 ",, 133.16 ,, 65.49 ,, 170.88 ,, 294.03 ,, 267.83 ,, 165.26 ,, 283.55 ,, 184.06 ,, 241.32 ,, 196.86 ,, 73.28 ,, 125.17 ,," 2,200.89 ",, 170.03 ,, 135.44 ,, 233.66 ,, 325.57 ,, 328.57 ,, 302.94 ,, 440.03 ,, 354.38 ,, 381.53 ,,,,,,,," 2,672.15 ",
89005  Corporate Admin Fee, -   ,, -   ,, -   ,, -   ,, -   ,, -   ,, -   ,, -   ,, -   ,, -   ,, -   ,, -   ,, -   ,, -   ,, -   ,, -   ,, -   ,, -   ,, -   ,, -   ,, -   ,, -   ,, -   ,, -   ,, -   ,, -   ,, -   ,, -   ,, -   ,, -   ,, -   ,, -   ,," 4,954.20 ",, -   ,, -   ,,,,,,,," 4,954.20 ",
90000 Nondeductible Expense, -   ,, -   ,, -   ,, -   ,, -   ,, -   ,, -   ,, -   ,, -   ,, -   ,, -   ,, -   ,, -   ,, -   ,, -   ,, -   ,, -   ,, -   ,, -   ,, -   ,, -   ,, -   ,, -   ,, -   ,, -   ,, -   ,, -   ,, -   ,, -   ,, -   ,, -   ,, -   ,, -   ,, -   ,, -   ,,,,,,,, -   ,
Total Other Expense, 113.78 ,, 359.57 ,, 148.67 ,, 88.39 ,, 220.97 ,, 168.40 ,, 240.68 ,, 219.94 ,," 1,156.69 ",, 496.84 ,, 67.67 ,, -   ,," 3,281.60 ",, 133.16 ,, 65.49 ,, 170.88 ,," 40,794.03 ",," 36,267.83 ",," 49,839.35 ",," 33,407.16 ",," 32,194.93 ",," 32,933.19 ",," 46,210.21 ",," 16,523.28 ",," 35,125.17 ",," 323,664.68 ",," 40,170.03 ",," 21,635.44 ",," 26,733.66 ",," 23,325.57 ",," 33,408.57 ",," 10,302.94 ",," 20,394.23 ",," 43,354.38 ",," 20,381.53 ",,,,,,,," 239,706.35 ",
Net Other Income, (113.78),, (359.57),, (148.67),, (88.39),, (220.97),, (168.40),, (240.68),, (219.94),," (1,156.69)",, (496.19),, (67.67),, -   ,," (3,280.95)",, (133.16),, (65.49),, (170.88),," (40,794.03)",," (36,267.83)",," (49,839.35)",," (33,407.16)",," (32,194.93)",," (32,933.19)",," (46,209.56)",," (16,522.63)",," (35,125.17)",," (323,663.38)",," (40,170.03)",," (21,635.44)",," (26,733.66)",," (23,325.57)",," (33,408.57)",," (10,302.94)",," (20,394.23)",," (43,354.38)",," (20,380.89)",,,,,,,," (239,706.35)",
Net Income," 3,479.97 ",," 36,397.03 ",," 44,750.75 ",," 37,441.76 ",," (8,445.30)",," (11,869.21)",," (43,461.65)",," 41,483.35 ",," (3,430.57)",," 36,173.51 ",," (13,328.24)",," (19,220.67)",," 99,970.73 ",," 15,005.21 ",," (43,697.53)",," 5,863.79 ",," 15,054.92 ",," 19,058.26 ",," (50,880.00)",," 10,927.25 ",," 13,994.62 ",," (26,243.45)",," 30,386.77 ",," 4,982.35 ",," 62,134.96 ",," 56,587.15 ",," (32,325.58)",," (34,280.45)",," (17,682.51)",," (11,987.00)",," (9,138.99)",," 15,988.98 ",," (32,653.43)",," (9,012.37)",," 32,834.61 ",,,,,,,," (98,257.38)",
,,,,,,,,,,,,,,,,,,,,,,,,,,,,,,,,,,,,,,,,,,,,,,,,,,,,,,,,,,,,,,,,,,,,,,,,,,,,,,
,,,,,,,,,,,,,,,,,,,,,,,,,,,,,,,,,,,,,,,,,,,,,,,,,,,,,,,,,,,,,,,,,,,,,,,,,,,,,,
,,,,,,,,,,,,,,,,,,,,,,,,,,,,,,,,,,,,,,,,,,,,,,,,,,,,,,,,,,,,,,,,,,,,,,,,,,,,,,
