American Pain Partners LLC - West Houston,,,,,,,,,,,,,,,,,,,,,,,,,,,,,,,,,,,,,,,,,,,,,,,,,,,,,,,,,,,,,,,,,,,,,,,,,,,,,,
Profit & Loss,,,,,,,,,,,,,,,,,,,,,,,,,,,,,,,,,,,,,,,,,,,,,,,,,,,,,,,,,,,,,,,,,,,,,,,,,,,,,,
January 2023 through September 2025,,,,,,,,,,,,,,,,,,,,,,,,,,,,,,,,,,,,,,,,,,,,,,,,,,,,,,,,,,,,,,,,,,,,,,,,,,,,,,
,Jan 23,,Feb 23,,Mar 23,,Apr 23,,May 23,,Jun 23,,Jul 23,,Aug 23,,Sep 23,,Oct 23,,Nov 23,,Dec 23,,TOTAL,,Jan 24,,Feb 24,,Mar 24,,Apr 24,,May 24,,Jun 24,,Jul 24,,Aug 24,,Sep 24,,Oct 24,,Nov 24,,Dec 24,,TOTAL,,Jan 25,,Feb 25,,Mar 25,,Apr 25,,May 25,,Jun 25,,Jul 25,,Aug 25,,Sep 25,,Oct 25,,Nov 25,,Dec 25,,TOTAL,
Ordinary Income/Expense,,,,,,,,,,,,,,,,,,,,,,,,,,,,,,,,,,,,,,,,,,,,,,,,,,,,,,,,,,,,,,,,,,,,,,,,,,,,,,
Income,,,,,,,,,,,,,,,,,,,,,,,,,,,,,,,,,,,,,,,,,,,,,,,,,,,,,,,,,,,,,,,,,,,,,,,,,,,,,,
40000  HD Research LLC Income, -   ,, -   ,, -   ,, -   ,, -   ,, -   ,, -   ,, -   ,, -   ,, -   ,, -   ,, -   ,, -   ,, -   ,, -   ,, -   ,, -   ,, -   ,, -   ,, -   ,, -   ,, -   ,, -   ,, -   ,, -   ,, -   ,, -   ,, -   ,, -   ,, -   ,, -   ,, -   ,, -   ,, -   ,, -   ,,,,,,,, -   ,
41000  Personal Injury, -   ,, -   ,, -   ,, -   ,, -   ,, -   ,, -   ,, -   ,, -   ,, -   ,, -   ,, -   ,, -   ,, -   ,, -   ,, -   ,, -   ,, -   ,, -   ,, -   ,, -   ,, -   ,, -   ,, -   ,, -   ,, -   ,, -   ,, -   ,, -   ,, -   ,, -   ,, -   ,, -   ,, -   ,, -   ,,,,,,,, -   ,
43000  ACH Credit, -   ,, -   ,, -   ,, -   ,, -   ,, -   ,, -   ,, -   ,, -   ,, -   ,, -   ,, -   ,, -   ,, -   ,, -   ,, -   ,, -   ,, -   ,, -   ,, -   ,, -   ,, -   ,, -   ,, -   ,, -   ,, -   ,, -   ,, -   ,, -   ,, -   ,, -   ,, -   ,, -   ,, -   ,, -   ,,,,,,,, -   ,
42000  Nonmedical Income, -   ,, -   ,, -   ,, -   ,, -   ,, -   ,, -   ,, -   ,, -   ,, -   ,, -   ,, -   ,, -   ,, -   ,, -   ,, -   ,, -   ,, -   ,, -   ,, -   ,, -   ,, -   ,, -   ,, -   ,, -   ,, -   ,, -   ,, -   ,, -   ,, -   ,, -   ,, -   ,, -   ,, -   ,, 527.48 ,,,,,,,, 527.48 ,
44000  OTC Deposit, -   ,, -   ,, -   ,, -   ,, -   ,, -   ,, -   ,, -   ,, -   ,, -   ,, -   ,, -   ,, -   ,, -   ,, -   ,, -   ,, -   ,, -   ,, -   ,, -   ,, -   ,, -   ,, -   ,, -   ,, -   ,, -   ,, -   ,, -   ,, -   ,, -   ,, -   ,, -   ,, -   ,, -   ,, -   ,,,,,,,, -   ,
44500  Practice Income," 61,692.81 ",," 71,426.11 ",," 81,771.72 ",," 69,388.21 ",," 76,204.61 ",," 73,528.02 ",," 81,682.55 ",," 98,119.90 ",," 84,827.46 ",," 81,440.05 ",," 73,161.56 ",," 84,511.07 ",," 937,754.07 ",," 84,362.06 ",," 68,498.42 ",," 79,836.01 ",," 81,742.89 ",," 126,127.04 ",," 88,776.03 ",," 112,634.09 ",," 88,771.61 ",," 122,007.96 ",," 123,520.55 ",," 101,289.71 ",," 128,298.07 ",," 1,205,864.44 ",," 95,254.57 ",," 86,379.51 ",," 89,620.70 ",," 86,270.45 ",," 85,453.88 ",," 52,933.36 ",," 62,181.20 ",," 61,049.11 ",," 63,509.64 ",,,,,,,," 682,652.42 ",
45000  Refunds, -   ,, -   ,, -   ,, (174.09),, -   ,, -   ,, (502.36),, -   ,, -   ,, -   ,, -   ,, -   ,, (676.45),, -   ,, -   ,, -   ,, -   ,, -   ,, -   ,, -   ,, -   ,, -   ,, -   ,, -   ,, (76.80),, (76.80),, -   ,, -   ,, -   ,, -   ,, -   ,, -   ,, -   ,, -   ,, -   ,,,,,,,, -   ,
46000  Management Fee Income, -   ,, -   ,, -   ,, -   ,, -   ,, -   ,, -   ,, -   ,, -   ,, -   ,, -   ,, -   ,, -   ,, -   ,, -   ,, -   ,, -   ,, -   ,, -   ,, -   ,, -   ,, -   ,, -   ,, -   ,, -   ,, -   ,, -   ,, -   ,, -   ,, -   ,, -   ,, -   ,, -   ,, -   ,, -   ,,,,,,,, -   ,
Total Income," 61,692.81 ",," 71,426.11 ",," 81,771.72 ",," 69,214.12 ",," 76,204.61 ",," 73,528.02 ",," 81,180.19 ",," 98,119.90 ",," 84,827.46 ",," 81,440.05 ",," 73,161.56 ",," 84,511.07 ",," 937,077.62 ",," 84,362.06 ",," 68,498.42 ",," 79,836.01 ",," 81,742.89 ",," 126,127.04 ",," 88,776.03 ",," 112,634.09 ",," 88,771.61 ",," 122,007.96 ",," 123,520.55 ",," 101,289.71 ",," 128,221.27 ",," 1,205,787.64 ",," 95,254.57 ",," 86,379.51 ",," 89,620.70 ",," 86,270.45 ",," 85,453.88 ",," 52,933.36 ",," 62,181.20 ",," 61,049.11 ",," 64,037.12 ",,,,,,,," 683,179.90 ",
Cost of Goods Sold,,,,,,,,,,,,,,,,,,,,,,,,,,,,,,,,,,,,,,,,,,,,,,,,,,,,,,,,,,,,,,,,,,,,,,,,,,,,,,
51000  Consulting, -   ,, -   ,, -   ,, -   ,, -   ,, -   ,, -   ,, -   ,, -   ,, -   ,, -   ,, -   ,, -   ,, -   ,, -   ,, -   ,, -   ,, -   ,, -   ,, -   ,, -   ,, -   ,, -   ,, -   ,, -   ,, -   ,, -   ,, -   ,, -   ,, -   ,, -   ,, -   ,, -   ,, -   ,, -   ,,,,,,,, -   ,
52000  Medical Waste, -   ,, -   ,, -   ,, -   ,, -   ,, -   ,, -   ,, -   ,, -   ,, -   ,, -   ,, -   ,, -   ,, -   ,, -   ,, -   ,, -   ,, -   ,, -   ,, -   ,, -   ,, -   ,, -   ,, -   ,, -   ,, -   ,, -   ,, -   ,, -   ,, -   ,, -   ,, -   ,, -   ,, -   ,, -   ,,,,,,,, -   ,
53000  Medical Billing, -   ,, -   ,, -   ,, -   ,, -   ,, -   ,, -   ,, -   ,, -   ,, -   ,, -   ,, -   ,, -   ,, -   ,, -   ,, -   ,, -   ,, -   ,, -   ,, -   ,, -   ,, -   ,, -   ,, -   ,, -   ,, -   ,, -   ,, -   ,, -   ,, -   ,," 9,509.00 ",," 5,397.69 ",, 190.55 ,, 490.55 ,, -   ,,,,,,,," 15,587.79 ",
54000  Medical Supplies, (139.37),," 8,336.04 ",," 5,399.03 ",," 4,446.88 ",," 4,902.01 ",," 3,528.08 ",," 3,248.76 ",," 3,384.90 ",," 2,943.28 ",," 5,425.08 ",," 2,266.63 ",," 6,685.17 ",," 50,426.49 ",," 1,177.05 ",," 7,341.87 ",," 2,511.32 ",," 2,768.82 ",," 5,436.95 ",," 3,142.41 ",," 3,696.62 ",," 4,910.40 ",," 3,730.96 ",, 768.45 ,," 4,145.88 ",," 2,690.89 ",," 42,321.62 ",," 3,981.67 ",, 829.96 ,, 927.25 ,," 12,153.98 ",," 7,048.00 ",," 3,646.71 ",," 7,651.36 ",," 1,839.27 ",," 6,092.21 ",,,,,,,," 44,170.41 ",
55000  Contract Labor, 586.80 ,," 1,480.80 ",, -   ,," 1,819.14 ",, -   ,, (386.35),, (269.69),, -   ,, -   ,, -   ,, -   ,," 2,343.46 ",," 5,574.16 ",," 1,719.00 ",," 2,032.40 ",," 1,060.20 ",," 1,330.92 ",," 1,500.84 ",," 1,302.59 ",," 1,667.16 ",, 885.24 ,," 1,577.14 ",," 8,500.88 ",," 1,760.40 ",," 5,693.26 ",," 29,030.03 ",, -   ,, -   ,, -   ,, -   ,, 625.00 ,, -   ,, -   ,, -   ,, -   ,,,,,,,, 625.00 ,
56000  Merchant Fees," 6,680.34 ",," 5,072.69 ",," 6,027.47 ",," 5,438.35 ",," 4,809.09 ",," 5,182.60 ",," 6,358.09 ",," 7,597.54 ",," 8,195.27 ",," 5,471.77 ",," 5,289.56 ",," 6,628.25 ",," 72,751.02 ",," 6,298.31 ",," 7,063.33 ",," 5,734.43 ",," 6,036.02 ",," 6,426.14 ",," 9,478.81 ",," 7,906.33 ",," 7,652.76 ",," 6,437.24 ",," 7,775.30 ",," 8,593.02 ",," 6,950.74 ",," 86,352.43 ",," 1,088.22 ",," 1,781.40 ",, 967.23 ,," 1,141.03 ",," 1,215.79 ",," 1,018.80 ",," 1,048.78 ",, 530.03 ,," 1,298.86 ",,,,,,,," 10,090.14 ",
57000  Patience Expense, -   ,, -   ,, -   ,, -   ,, -   ,, -   ,, -   ,, -   ,, -   ,, -   ,, -   ,, -   ,, -   ,, -   ,, -   ,, -   ,, -   ,, -   ,, -   ,, -   ,, -   ,, -   ,, -   ,, -   ,, -   ,, -   ,, -   ,, -   ,, -   ,, -   ,, -   ,, -   ,, -   ,, -   ,, -   ,,,,,,,, -   ,
57500  Chronic Care Management, -   ,, -   ,, -   ,, -   ,, -   ,, -   ,, -   ,, -   ,, -   ,, -   ,, -   ,, -   ,, -   ,, -   ,, -   ,, -   ,, -   ,, -   ,, -   ,, -   ,, -   ,, -   ,, -   ,, -   ,, -   ,, -   ,, -   ,, -   ,, -   ,, -   ,, -   ,, -   ,, -   ,, -   ,, -   ,,,,,,,, -   ,
58000  Management Fees, -   ,, -   ,, -   ,, -   ,, -   ,, -   ,, -   ,, -   ,, -   ,, -   ,, -   ,, -   ,, -   ,, -   ,, -   ,, -   ,, -   ,, -   ,, -   ,, -   ,, -   ,, -   ,, -   ,, -   ,, -   ,, -   ,, -   ,, -   ,, -   ,, -   ,, -   ,, -   ,, -   ,, -   ,, -   ,,,,,,,, -   ,
64300  Medical Books and Research, -   ,, -   ,, -   ,, -   ,, -   ,, -   ,, -   ,, -   ,, -   ,, -   ,, -   ,, -   ,, -   ,, -   ,, -   ,, -   ,, -   ,, -   ,, -   ,, -   ,, -   ,, -   ,, -   ,, -   ,, -   ,, -   ,, -   ,, -   ,, -   ,, -   ,, -   ,, -   ,, -   ,, -   ,, -   ,,,,,,,, -   ,
68200  Laboratory Fees, -   ,, -   ,, -   ,, -   ,, -   ,, -   ,, -   ,, -   ,, -   ,, -   ,, -   ,, -   ,, -   ,, -   ,, -   ,, -   ,, -   ,, -   ,, -   ,, -   ,, -   ,, -   ,, -   ,, -   ,, -   ,, -   ,, -   ,, -   ,, -   ,, -   ,, -   ,, -   ,, -   ,, -   ,, 268.41 ,,,,,,,, 268.41 ,
6380  Laboratory Directory, -   ,, -   ,, -   ,, -   ,, -   ,, -   ,, -   ,, -   ,, -   ,, -   ,, -   ,, -   ,, -   ,, -   ,, -   ,, -   ,, -   ,, -   ,, -   ,, -   ,, -   ,, -   ,, -   ,, -   ,, -   ,, -   ,, -   ,, -   ,, -   ,, -   ,, -   ,, -   ,, -   ,, -   ,, -   ,,,,,,,, -   ,
68300  Lab Supplies, -   ,, -   ,, -   ,, -   ,, -   ,, -   ,, -   ,, -   ,, -   ,, 102.95 ,, -   ,, -   ,, 102.95 ,, -   ,, 205.90 ,, -   ,, -   ,, -   ,, -   ,, -   ,, -   ,, -   ,, -   ,, 102.95 ,, -   ,, 308.85 ,, -   ,, -   ,, -   ,, -   ,, -   ,, -   ,, -   ,, -   ,, -   ,,,,,,,, -   ,
Total COGS," 7,127.77 ",," 14,889.53 ",," 11,426.50 ",," 11,704.37 ",," 9,711.10 ",," 8,324.33 ",," 9,337.16 ",," 10,982.44 ",," 11,138.55 ",," 10,999.80 ",," 7,556.19 ",," 15,656.88 ",," 128,854.62 ",," 9,194.36 ",," 16,643.50 ",," 9,305.95 ",," 10,135.76 ",," 13,363.93 ",," 13,923.81 ",," 13,270.11 ",," 13,448.40 ",," 11,745.34 ",," 17,044.63 ",," 14,602.25 ",," 15,334.89 ",," 158,012.93 ",," 5,069.89 ",," 2,611.36 ",," 1,894.48 ",," 13,295.01 ",," 18,397.79 ",," 10,063.20 ",," 8,890.69 ",," 2,859.85 ",," 7,659.48 ",,,,,,,," 70,741.75 ",
Gross Profit," 54,565.04 ",," 56,536.58 ",," 70,345.22 ",," 57,509.75 ",," 66,493.51 ",," 65,203.69 ",," 71,843.03 ",," 87,137.46 ",," 73,688.91 ",," 70,440.25 ",," 65,605.37 ",," 68,854.19 ",," 808,223.00 ",," 75,167.70 ",," 51,854.92 ",," 70,530.06 ",," 71,607.13 ",," 112,763.11 ",," 74,852.22 ",," 99,363.98 ",," 75,323.21 ",," 110,262.62 ",," 106,475.92 ",," 86,687.46 ",," 112,886.38 ",," 1,047,774.71 ",," 90,184.68 ",," 83,768.15 ",," 87,726.22 ",," 72,975.44 ",," 67,056.09 ",," 42,870.16 ",," 53,290.51 ",," 58,189.26 ",," 56,377.64 ",,,,,,,," 612,438.15 ",
Expense,,,,,,,,,,,,,,,,,,,,,,,,,,,,,,,,,,,,,,,,,,,,,,,,,,,,,,,,,,,,,,,,,,,,,,,,,,,,,,
67800  Recruiting, -   ,, -   ,, -   ,, -   ,, -   ,, -   ,, -   ,, -   ,, -   ,, -   ,, -   ,, -   ,, -   ,, -   ,, -   ,, -   ,, -   ,, -   ,, -   ,, -   ,, -   ,, -   ,, -   ,, -   ,, -   ,, -   ,, -   ,, -   ,, -   ,, -   ,, -   ,, -   ,, -   ,, -   ,, -   ,,,,,,,, -   ,
67600  Oxygen and Gas, -   ,, -   ,, -   ,, -   ,, -   ,, -   ,, -   ,, -   ,, -   ,, -   ,, -   ,, -   ,, -   ,, -   ,, -   ,, -   ,, -   ,, -   ,, -   ,, -   ,, -   ,, -   ,, -   ,, -   ,, -   ,, -   ,, -   ,, -   ,, -   ,, -   ,, -   ,, -   ,, -   ,, -   ,, -   ,,,,,,,, -   ,
67900  Radiation Badges, -   ,, -   ,, -   ,, -   ,, -   ,, -   ,, -   ,, -   ,, -   ,, -   ,, -   ,, -   ,, -   ,, -   ,, -   ,, -   ,, -   ,, -   ,, -   ,, -   ,, -   ,, -   ,, -   ,, -   ,, -   ,, -   ,, -   ,, -   ,, -   ,, -   ,, -   ,, -   ,, -   ,, -   ,, -   ,,,,,,,, -   ,
67500  Equipment Rental, -   ,, -   ,, -   ,, -   ,, -   ,, -   ,, -   ,, -   ,, -   ,, -   ,, -   ,, -   ,, -   ,, -   ,, -   ,, -   ,, -   ,, -   ,, -   ,, -   ,, -   ,, -   ,, -   ,, -   ,, -   ,, -   ,, -   ,, -   ,, -   ,, -   ,, -   ,, -   ,, -   ,, -   ,, -   ,,,,,,,, -   ,
65100  Accounting, 950.00 ,, 150.00 ,, 783.00 ,," 1,100.00 ",," 1,025.00 ",, 125.00 ,, 950.00 ,, 883.00 ,, 125.00 ,," 1,050.00 ",, 125.00 ,, 125.00 ,," 7,391.00 ",," 1,050.00 ",, 180.00 ,, 125.00 ,," 2,234.00 ",, 125.00 ,, 125.00 ,," 1,050.00 ",, 125.00 ,, 125.00 ,," 1,899.00 ",, 125.00 ,, 623.00 ,," 7,786.00 ",," 1,150.00 ",, 165.00 ,, 475.00 ,," 1,375.00 ",," 1,064.00 ",, -   ,, 774.00 ,, -   ,, -   ,,,,,,,," 5,003.00 ",
65475  Credentialing, -   ,, -   ,, -   ,, -   ,, -   ,, -   ,, -   ,, -   ,, -   ,, -   ,, -   ,, -   ,, -   ,, -   ,, -   ,, -   ,, -   ,, -   ,, -   ,, -   ,, -   ,, -   ,, -   ,, -   ,, -   ,, -   ,, -   ,, -   ,, -   ,, -   ,, -   ,, -   ,, -   ,, -   ,, -   ,,,,,,,, -   ,
65900 Janitorial Expense, 128.99 ,, 128.99 ,, 128.99 ,, 128.99 ,, 128.99 ,, 128.99 ,, 128.99 ,, 128.99 ,, -   ,, -   ,, 257.98 ,, 128.99 ,," 1,418.89 ",, 128.99 ,, 128.99 ,, -   ,, -   ,, -   ,, -   ,, -   ,, -   ,, -   ,, -   ,, -   ,, -   ,, 257.98 ,, -   ,, -   ,, -   ,, -   ,, -   ,, -   ,, -   ,, -   ,, -   ,,,,,,,, -   ,
Automobile Expense, -   ,, -   ,, 792.00 ,, -   ,, -   ,," 1,430.00 ",, -   ,, -   ,," 1,039.00 ",, -   ,, -   ,," 1,003.00 ",," 4,264.00 ",, 137.13 ,, 94.73 ,, -   ,, -   ,, -   ,, 50.00 ,, 123.56 ,, 62.12 ,, -   ,, 50.00 ,, -   ,, -   ,, 517.54 ,, -   ,, -   ,, -   ,, -   ,, -   ,, -   ,, -   ,, -   ,, -   ,,,,,,,, -   ,
65210  Gas, -   ,, -   ,, -   ,, -   ,, -   ,, -   ,, -   ,, -   ,, -   ,, -   ,, -   ,, -   ,, -   ,, -   ,, -   ,, -   ,, -   ,, -   ,, -   ,, -   ,, -   ,, -   ,, -   ,, -   ,, -   ,, -   ,, -   ,, -   ,, -   ,, -   ,, -   ,, -   ,, -   ,, -   ,, -   ,,,,,,,, -   ,
65220  Parking, -   ,, -   ,, -   ,, -   ,, -   ,, -   ,, -   ,, -   ,, -   ,, -   ,, -   ,, -   ,, -   ,, -   ,, -   ,, -   ,, -   ,, -   ,, -   ,, -   ,, -   ,, -   ,, -   ,, -   ,, -   ,, -   ,, -   ,, -   ,, -   ,, -   ,, -   ,, -   ,, -   ,, -   ,, -   ,,,,,,,, -   ,
Automobile Expense - Other, -   ,, -   ,, -   ,, -   ,, -   ,, -   ,, -   ,, -   ,, -   ,, -   ,, -   ,, -   ,, -   ,, -   ,, -   ,, -   ,, -   ,, -   ,, -   ,, -   ,, -   ,, -   ,, -   ,, -   ,, -   ,, -   ,, -   ,, -   ,, -   ,, -   ,, -   ,, -   ,, -   ,, -   ,, -   ,,,,,,,, -   ,
Total Automobile Expense, -   ,, -   ,, 792.00 ,, -   ,, -   ,," 1,430.00 ",, -   ,, -   ,," 1,039.00 ",, -   ,, -   ,," 1,003.00 ",," 4,264.00 ",, 137.13 ,, 94.73 ,, -   ,, -   ,, -   ,, 50.00 ,, 123.56 ,, 62.12 ,, -   ,, 50.00 ,, -   ,, -   ,, 517.54 ,, -   ,, -   ,, -   ,, -   ,, -   ,, -   ,, -   ,, -   ,, -   ,,,,,,,, -   ,
65000  Advertising and Promotion," 2,581.35 ",," 2,755.74 ",," 3,557.42 ",," 3,372.80 ",," 3,039.39 ",," 3,280.49 ",," 3,007.94 ",," 3,017.56 ",," 1,277.36 ",," 7,422.53 ",," 2,081.48 ",," 1,611.69 ",," 37,005.75 ",," 1,564.25 ",," 1,676.36 ",," 1,163.41 ",, 12.00 ,, 205.41 ,, 224.14 ,, 562.90 ,, 235.13 ,, 213.20 ,, 928.79 ,, 531.33 ,, 508.70 ,," 7,825.62 ",, 399.00 ,, 537.15 ,, 399.00 ,, 399.00 ,, 399.00 ,, -   ,, 399.00 ,, 399.00 ,, 193.32 ,,,,,,,," 3,124.47 ",
65300  Bank Service Charges, 40.00 ,, 40.00 ,, 10.00 ,, 10.00 ,, 10.00 ,, 40.00 ,, 19.50 ,, 10.00 ,, -   ,, -   ,, -   ,, -   ,, 179.50 ,, -   ,, -   ,, -   ,, 25.00 ,, -   ,, -   ,, -   ,, -   ,, -   ,, -   ,, -   ,, -   ,, 25.00 ,, -   ,, -   ,, -   ,, 9.00 ,, 50.00 ,, 50.00 ,, 75.00 ,, 90.00 ,, 125.00 ,,,,,,,, 399.00 ,
65350  Charitable Contributions, -   ,, -   ,, -   ,, -   ,, -   ,, -   ,, -   ,, -   ,, -   ,, -   ,, -   ,, -   ,, -   ,, 200.00 ,, -   ,, -   ,, -   ,, -   ,, -   ,, -   ,, -   ,, -   ,, -   ,, -   ,, -   ,, 200.00 ,, -   ,, -   ,, -   ,, -   ,, -   ,, -   ,, -   ,, -   ,, -   ,,,,,,,, -   ,
65700  Business Licenses and Permits, -   ,, -   ,, -   ,, -   ,, 967.00 ,, -   ,, -   ,, -   ,, -   ,, -   ,, -   ,, -   ,, 967.00 ,, 888.00 ,, -   ,, -   ,, -   ,, -   ,, -   ,, -   ,, 492.82 ,," 1,602.09 ",," 2,079.00 ",, -   ,, 940.00 ,," 6,001.91 ",, -   ,, -   ,, -   ,, -   ,, -   ,, -   ,, -   ,, -   ,, -   ,,,,,,,, -   ,
66200  Telephone and Internet, 269.15 ,, 269.15 ,, 530.15 ,, 268.52 ,, 268.52 ,, 529.52 ,, 268.45 ,, 271.65 ,, 532.65 ,, -   ,, -   ,, 261.00 ,," 3,468.76 ",, -   ,, -   ,, -   ,, -   ,, -   ,, -   ,, -   ,, -   ,, -   ,, -   ,, -   ,, -   ,, -   ,, -   ,, -   ,, -   ,, -   ,, -   ,, -   ,, -   ,, -   ,, -   ,,,,,,,, -   ,
65400  Continuing Education, -   ,, -   ,," 2,090.00 ",, 69.38 ,, -   ,, -   ,, -   ,, 410.00 ,, 475.00 ,, 65.00 ,, -   ,," 1,875.00 ",," 4,984.38 ",, -   ,, -   ,, -   ,, -   ,, 24.99 ,, -   ,, -   ,, -   ,, -   ,, 300.00 ,, -   ,, -   ,, 324.99 ,, -   ,, -   ,, -   ,, -   ,, -   ,, -   ,, -   ,, -   ,," 1,000.00 ",,,,,,,," 1,000.00 ",
65500  Dues and Subscriptions, 10.81 ,," 1,960.81 ",, 260.81 ,, 10.81 ,, 10.81 ,, 10.81 ,, 10.81 ,, 11.90 ,, 811.90 ,," 2,336.53 ",, 107.50 ,, 582.96 ,," 6,126.46 ",, 544.33 ,, 984.42 ,, 69.48 ,, 54.53 ,, 54.53 ,, 54.53 ,, 70.56 ,, 504.56 ,, 94.61 ,, 794.60 ,, 106.60 ,, 624.42 ,," 3,957.17 ",, -   ,, -   ,, -   ,, -   ,, -   ,, -   ,, 21.64 ,, 129.88 ,, 215.41 ,,,,,,,, 366.93 ,
Insurance,,,,,,,,,,,,,,,,,,,,,,,,,,,,,,,,,,,,,,,,,,,,,,,,,,,,,,,,,,,,,,,,,,,,,,,,,,,,,,
65610  Health Insurance, -   ,, -   ,, -   ,, -   ,, -   ,, -   ,, -   ,, -   ,, -   ,, -   ,, -   ,, -   ,, -   ,, -   ,, -   ,, -   ,, -   ,, -   ,, -   ,, -   ,, -   ,, -   ,, -   ,, -   ,, -   ,, -   ,, -   ,, -   ,, -   ,, -   ,, -   ,, -   ,, -   ,, -   ,, -   ,,,,,,,, -   ,
65620  Liability Insurance, -   ,, -   ,, -   ,, -   ,, -   ,, -   ,, -   ,, -   ,, -   ,, -   ,, -   ,, -   ,, -   ,, -   ,, -   ,, -   ,, -   ,, -   ,, -   ,, -   ,, -   ,, -   ,, -   ,, -   ,, -   ,, -   ,, -   ,, -   ,, -   ,, -   ,, -   ,, -   ,, -   ,, -   ,, -   ,,,,,,,, -   ,
65630  Medical Malpractice, -   ,," 3,929.00 ",, 150.00 ,, -   ,," 3,037.00 ",, -   ,, 99.00 ,," 4,639.00 ",, 188.00 ,, -   ,," 3,658.00 ",, 755.60 ,," 16,455.60 ",," 1,201.80 ",," 4,034.80 ",, 376.80 ,, 376.80 ,," 2,572.80 ",, 376.80 ,, 376.80 ,," 4,187.80 ",, 187.00 ,, -   ,," 4,198.70 ",, 431.70 ,," 18,321.80 ",, 431.70 ,," 4,198.70 ",, 431.70 ,, 431.70 ,, 431.70 ,, 431.70 ,," 2,091.70 ",, 431.70 ,, 336.00 ,,,,,,,," 9,216.60 ",
Insurance - Other, -   ,, -   ,, -   ,, -   ,, -   ,, -   ,, -   ,, -   ,, -   ,, -   ,, -   ,, -   ,, -   ,, -   ,, -   ,, -   ,, -   ,, -   ,, -   ,, -   ,, -   ,, -   ,, -   ,, -   ,, -   ,, -   ,, -   ,, -   ,, -   ,, -   ,, -   ,, -   ,, -   ,, -   ,, -   ,,,,,,,, -   ,
Total Insurance, -   ,," 3,929.00 ",, 150.00 ,, -   ,," 3,037.00 ",, -   ,, 99.00 ,," 4,639.00 ",, 188.00 ,, -   ,," 3,658.00 ",, 755.60 ,," 16,455.60 ",," 1,201.80 ",," 4,034.80 ",, 376.80 ,, 376.80 ,," 2,572.80 ",, 376.80 ,, 376.80 ,," 4,187.80 ",, 187.00 ,, -   ,," 4,198.70 ",, 431.70 ,," 18,321.80 ",, 431.70 ,," 4,198.70 ",, 431.70 ,, 431.70 ,, 431.70 ,, 431.70 ,," 2,091.70 ",, 431.70 ,, 336.00 ,,,,,,,," 9,216.60 ",
License and Fees, -   ,, -   ,, -   ,, -   ,, -   ,, -   ,, -   ,, -   ,, -   ,, -   ,, -   ,, -   ,, -   ,, -   ,, -   ,, -   ,, -   ,, -   ,, -   ,, -   ,, -   ,, -   ,, -   ,, -   ,, -   ,, -   ,, -   ,, -   ,, -   ,, -   ,, -   ,, -   ,, -   ,, -   ,, -   ,,,,,,,, -   ,
6380  License & Fee, -   ,, -   ,, -   ,, -   ,, -   ,, -   ,, -   ,, -   ,, -   ,, -   ,, -   ,, -   ,, -   ,, -   ,, -   ,, -   ,, -   ,, -   ,, -   ,, -   ,, -   ,, -   ,, -   ,, -   ,, -   ,, -   ,, -   ,, -   ,, -   ,, -   ,, -   ,, -   ,, -   ,, -   ,, -   ,,,,,,,, -   ,
66400  Legal Fees, -   ,, -   ,, -   ,, -   ,, -   ,, -   ,, -   ,, -   ,, -   ,, -   ,, -   ,, -   ,, -   ,," 2,550.50 ",, -   ,, -   ,, -   ,, -   ,, -   ,, -   ,, -   ,, -   ,, -   ,, -   ,, -   ,," 2,550.50 ",, -   ,, -   ,, -   ,," 3,743.00 ",, -   ,, -   ,, -   ,, -   ,, -   ,,,,,,,," 3,743.00 ",
66500  Linens and Cleaning, -   ,, -   ,, -   ,, -   ,, -   ,, -   ,, -   ,, -   ,, -   ,, -   ,, -   ,, -   ,, -   ,, -   ,, -   ,, -   ,, -   ,, -   ,, -   ,, -   ,, -   ,, -   ,, -   ,, -   ,, -   ,, -   ,, -   ,, -   ,, -   ,, -   ,, -   ,, -   ,, -   ,, -   ,, -   ,,,,,,,, -   ,
Meals and Entertainment," 2,616.09 ",," 1,411.97 ",," 1,072.64 ",," 1,267.66 ",," 2,601.33 ",," 1,712.61 ",," 2,643.43 ",," 1,595.95 ",," 2,836.54 ",," 1,303.58 ",," 1,468.13 ",," 2,728.54 ",," 23,258.47 ",, -   ,, -   ,, -   ,, -   ,, -   ,, -   ,, -   ,, -   ,, -   ,, -   ,, -   ,, -   ,, -   ,, -   ,, -   ,, -   ,, -   ,, -   ,, -   ,, -   ,, -   ,, -   ,,,,,,,, -   ,
64900  Office Supplies, -   ,, -   ,, -   ,, -   ,, -   ,, -   ,, -   ,, -   ,, -   ,, -   ,, -   ,, -   ,, -   ,, -   ,, -   ,, -   ,, -   ,, -   ,, -   ,, -   ,, -   ,, -   ,, -   ,, -   ,, -   ,, -   ,, -   ,, -   ,, -   ,, -   ,, -   ,, -   ,, -   ,, -   ,, -   ,,,,,,,, -   ,
66120  Marketing Gifts, -   ,, -   ,, -   ,, -   ,, -   ,, -   ,, -   ,, -   ,, -   ,, -   ,, -   ,, -   ,, -   ,, -   ,, -   ,, -   ,, -   ,, -   ,, -   ,, -   ,, -   ,, -   ,, -   ,, -   ,, -   ,, -   ,, -   ,, -   ,, -   ,, -   ,, -   ,, -   ,, -   ,, -   ,, -   ,,,,,,,, -   ,
66150  Employee meals on Premises, -   ,, -   ,, -   ,, -   ,, -   ,, -   ,, -   ,, -   ,, -   ,, -   ,, -   ,, -   ,, -   ,," 1,722.13 ",, 341.22 ,, 71.31 ,," 1,245.71 ",," 2,446.00 ",," 1,284.56 ",, -   ,, 779.10 ,, 144.50 ,, 22.00 ,, 447.68 ,," 1,734.42 ",," 10,238.63 ",, -   ,, -   ,, -   ,, -   ,, -   ,, -   ,, -   ,, 19.57 ,, 22.49 ,,,,,,,, 42.06 ,
66110  Business Entertainment, -   ,, -   ,, -   ,, -   ,, -   ,, -   ,, -   ,, -   ,, -   ,, -   ,, -   ,, -   ,, -   ,, 141.91 ,, 308.72 ,, -   ,, 382.32 ,," 1,004.98 ",, -   ,, 334.79 ,, 250.82 ,, -   ,, 287.60 ,, -   ,, 686.07 ,," 3,397.21 ",, -   ,, -   ,, -   ,, -   ,, -   ,, -   ,, -   ,, -   ,, -   ,,,,,,,, -   ,
66160  Travel Meals, -   ,, -   ,, -   ,, -   ,, -   ,, -   ,, -   ,, -   ,, -   ,, -   ,, -   ,, -   ,, -   ,, -   ,, -   ,, -   ,, -   ,, -   ,, -   ,, -   ,, 18.66 ,, -   ,, -   ,, -   ,, -   ,, 18.66 ,, -   ,, 55.15 ,, 61.82 ,, -   ,, -   ,, -   ,, 8.69 ,, 15.89 ,, 216.06 ,,,,,,,, 357.61 ,
66140  Office Snacks and Beverages, -   ,, -   ,, -   ,, -   ,, -   ,, -   ,, -   ,, -   ,, -   ,, -   ,, -   ,, -   ,, -   ,, 209.48 ,, 46.42 ,, 187.50 ,, 228.19 ,, 52.91 ,, 646.50 ,, 452.66 ,, 75.52 ,, 232.02 ,, -   ,, 398.89 ,, 210.61 ,," 2,740.70 ",, -   ,, -   ,, -   ,, -   ,, -   ,, -   ,, -   ,, 40.21 ,, -   ,,,,,,,, 40.21 ,
66140  Office Party, -   ,, -   ,, -   ,, -   ,, -   ,, -   ,, -   ,, -   ,, -   ,, -   ,, -   ,, -   ,, -   ,, -   ,, -   ,, -   ,, -   ,, -   ,, -   ,, -   ,, -   ,, -   ,, -   ,, -   ,, -   ,, -   ,, -   ,, -   ,, -   ,, -   ,, -   ,, -   ,, -   ,, -   ,, 81.45 ,,,,,,,, 81.45 ,
Meals and Entertainment - Other, -   ,, -   ,, -   ,, -   ,, -   ,, -   ,, -   ,, -   ,, -   ,, -   ,, -   ,, -   ,, -   ,, -   ,, -   ,, -   ,, -   ,, 107.82 ,, 470.49 ,, 81.53 ,, 34.05 ,, -   ,, -   ,, 49.52 ,, 60.97 ,, 804.38 ,, -   ,, -   ,, -   ,, -   ,, -   ,, -   ,, -   ,, -   ,, -   ,,,,,,,, -   ,
Total Meals and Entertainment," 2,616.09 ",," 1,411.97 ",," 1,072.64 ",," 1,267.66 ",," 2,601.33 ",," 1,712.61 ",," 2,643.43 ",," 1,595.95 ",," 2,836.54 ",," 1,303.58 ",," 1,468.13 ",," 2,728.54 ",," 23,258.47 ",," 2,073.52 ",, 696.36 ,, 258.81 ,," 1,856.22 ",," 3,611.71 ",," 2,401.55 ",, 868.98 ,," 1,158.15 ",, 376.52 ,, 309.60 ,, 896.09 ,," 2,692.07 ",," 17,199.58 ",, -   ,, 55.15 ,, 61.82 ,, -   ,, -   ,, -   ,, 8.69 ,, 75.67 ,, 320.00 ,,,,,,,, 521.33 ,
66600  Moving Expense, -   ,, -   ,, -   ,, -   ,, -   ,, -   ,, -   ,, -   ,, -   ,, -   ,, -   ,, -   ,, -   ,, -   ,, -   ,, -   ,, -   ,, -   ,, -   ,, -   ,, -   ,, -   ,, -   ,, -   ,, -   ,, -   ,, -   ,, -   ,, -   ,, -   ,, -   ,, -   ,, -   ,, -   ,, -   ,,,,,,,, -   ,
66800  Office Expense," 1,672.87 ",, 358.92 ,," 2,976.51 ",," 1,305.70 ",," 3,459.28 ",," 2,040.62 ",," 3,236.48 ",," 2,072.32 ",," 2,761.16 ",," 4,433.19 ",," 3,213.13 ",," 2,952.17 ",," 30,482.35 ",," 1,708.17 ",, 404.13 ,, 541.17 ,, 644.53 ,, 654.11 ,," 1,939.51 ",, 935.49 ,, 662.25 ,," 2,494.17 ",," 1,335.69 ",, 629.31 ,," 5,695.84 ",," 17,644.37 ",," 1,042.53 ",, 831.88 ,, 492.88 ,, -   ,, -   ,, 320.40 ,, 886.07 ,, 922.07 ,, 836.13 ,,,,,,,," 5,331.96 ",
66900  Postage, -   ,, -   ,, -   ,, -   ,, -   ,, 4.83 ,, 29.25 ,, 52.80 ,, -   ,, 10.00 ,, -   ,, 78.49 ,, 175.37 ,, -   ,, -   ,, -   ,, -   ,, -   ,, 8.05 ,, -   ,, -   ,, 34.14 ,, -   ,, -   ,, -   ,, 42.19 ,, -   ,, -   ,, -   ,, -   ,, -   ,, -   ,, -   ,, 191.19 ,, -   ,,,,,,,, 191.19 ,
Payroll,,,,,,,,,,,,,,,,,,,,,,,,,,,,,,,,,,,,,,,,,,,,,,,,,,,,,,,,,,,,,,,,,,,,,,,,,,,,,,
In Office Payroll,,,,,,,,,,,,,,,,,,,,,,,,,,,,,,,,,,,,,,,,,,,,,,,,,,,,,,,,,,,,,,,,,,,,,,,,,,,,,,
66051  Wages," 19,440.99 ",," 16,996.69 ",," 30,809.07 ",," 19,111.91 ",," 19,964.62 ",," 19,084.68 ",," 16,712.79 ",," 27,442.14 ",," 18,356.74 ",," 18,282.78 ",," 19,362.59 ",," 28,745.22 ",," 254,310.22 ",," 16,754.89 ",," 17,783.54 ",," 18,538.92 ",," 18,233.25 ",," 18,121.76 ",," 18,068.88 ",," 27,172.29 ",," 17,947.14 ",," 19,886.40 ",," 18,371.39 ",," 15,384.94 ",," 37,943.91 ",," 244,207.31 ",," 29,137.35 ",," 26,820.83 ",," 15,364.13 ",," 26,658.32 ",," 7,596.27 ",, -   ,, -   ,, -   ,, -   ,,,,,,,," 105,576.90 ",
66052  Bonus, -   ,, -   ,, -   ,, -   ,, -   ,, -   ,, -   ,, -   ,, -   ,, -   ,, -   ,, -   ,, -   ,, -   ,, -   ,, -   ,, -   ,, -   ,, -   ,, -   ,, -   ,, -   ,, -   ,, -   ,, -   ,, -   ,, -   ,, -   ,, -   ,, -   ,, -   ,, -   ,, -   ,, -   ,, -   ,,,,,,,, -   ,
66053  NP Extra Visits, -   ,, -   ,, -   ,, -   ,, -   ,, -   ,, -   ,, -   ,, -   ,, -   ,, -   ,, -   ,, -   ,, -   ,, -   ,, -   ,, -   ,, -   ,, -   ,, -   ,, -   ,, -   ,, -   ,, -   ,, -   ,, -   ,, -   ,, -   ,, -   ,, -   ,, -   ,, -   ,, -   ,, -   ,, -   ,,,,,,,, -   ,
66054  Telehealth, -   ,, -   ,, -   ,, -   ,, -   ,, -   ,, -   ,, -   ,, -   ,, -   ,, -   ,, -   ,, -   ,, -   ,, -   ,, -   ,, -   ,, -   ,, -   ,, -   ,, -   ,, -   ,, -   ,, -   ,, -   ,, -   ,, -   ,, -   ,, -   ,, -   ,, -   ,, -   ,, -   ,, -   ,, -   ,,,,,,,, -   ,
66055  Administration, -   ,, -   ,, -   ,, -   ,, -   ,, -   ,, -   ,, -   ,, -   ,, -   ,, -   ,, -   ,, -   ,, -   ,, -   ,, -   ,, -   ,, -   ,, -   ,, -   ,, -   ,, -   ,, -   ,, -   ,, -   ,, -   ,, -   ,, -   ,, -   ,, -   ,, -   ,, -   ,, -   ,, -   ,, -   ,,,,,,,, -   ,
66061  Payroll Taxes," 2,155.77 ",," 1,818.73 ",," 2,843.02 ",," 1,876.19 ",," 2,027.44 ",," 1,952.69 ",," 1,236.43 ",," 2,590.06 ",," 1,932.14 ",," 1,296.70 ",," 1,430.06 ",," 4,432.79 ",," 25,592.02 ",," 2,142.27 ",," 2,145.29 ",," 2,130.02 ",," 2,052.97 ",," 2,044.21 ",," 2,040.18 ",," 2,736.56 ",," 2,030.85 ",," 2,179.24 ",," 2,063.33 ",," 1,834.85 ",," 4,762.54 ",," 28,162.31 ",," 2,949.92 ",," 2,633.05 ",," 3,136.77 ",, (978.23),," 1,469.34 ",, -   ,, -   ,, -   ,, -   ,,,,,,,," 9,210.85 ",
66062  Unemployment, -   ,, -   ,, -   ,, -   ,, -   ,, -   ,, -   ,, -   ,, -   ,, -   ,, -   ,, -   ,, -   ,, -   ,, -   ,, -   ,, -   ,, -   ,, -   ,, -   ,, -   ,, -   ,, -   ,, -   ,, -   ,, -   ,, -   ,, -   ,, -   ,, -   ,, -   ,, -   ,, -   ,, -   ,, -   ,,,,,,,, -   ,
66071  Health Insurance, -   ,, -   ,, -   ,, -   ,, -   ,, -   ,, -   ,, -   ,, -   ,, -   ,, -   ,, -   ,, -   ,, -   ,, -   ,, -   ,, -   ,, -   ,, -   ,, -   ,, -   ,, -   ,, -   ,, -   ,, -   ,, -   ,, -   ,, -   ,, -   ,, -   ,, -   ,, -   ,, -   ,, -   ,, -   ,,,,,,,, -   ,
66072  Simple Plan Match, -   ,, -   ,, -   ,, -   ,, -   ,, -   ,, -   ,, -   ,, -   ,, -   ,, -   ,, -   ,, -   ,, -   ,, -   ,, -   ,, -   ,, -   ,, -   ,, -   ,, -   ,, -   ,, -   ,, -   ,, -   ,, -   ,, -   ,, -   ,, -   ,, -   ,, -   ,, -   ,, -   ,, -   ,, -   ,,,,,,,, -   ,
In Office Payroll - Other, -   ,, -   ,, -   ,, -   ,, -   ,, -   ,, -   ,, -   ,, -   ,, -   ,, -   ,, -   ,, -   ,, -   ,, -   ,, -   ,, -   ,, -   ,, -   ,, -   ,, -   ,, -   ,, -   ,, -   ,, -   ,, -   ,, -   ,, -   ,, -   ,, -   ,, -   ,, -   ,, -   ,, -   ,, -   ,,,,,,,, -   ,
Total In Office Payroll," 21,596.76 ",," 18,815.42 ",," 33,652.09 ",," 20,988.10 ",," 21,992.06 ",," 21,037.37 ",," 17,949.22 ",," 30,032.20 ",," 20,288.88 ",," 19,579.48 ",," 20,792.65 ",," 33,178.01 ",," 279,902.24 ",," 18,897.16 ",," 19,928.83 ",," 20,668.94 ",," 20,286.22 ",," 20,165.97 ",," 20,109.06 ",," 29,908.85 ",," 19,977.99 ",," 22,065.64 ",," 20,434.72 ",," 17,219.79 ",," 42,706.45 ",," 272,369.62 ",," 32,087.27 ",," 29,453.88 ",," 18,500.90 ",," 25,680.09 ",," 9,065.61 ",, -   ,, -   ,, -   ,, -   ,,,,,,,," 114,787.75 ",
Shared Payroll,,,,,,,,,,,,,,,,,,,,,,,,,,,,,,,,,,,,,,,,,,,,,,,,,,,,,,,,,,,,,,,,,,,,,,,,,,,,,,
66030  Wages, -   ,, -   ,, -   ,, -   ,, -   ,, -   ,, -   ,, -   ,, -   ,, -   ,, -   ,, -   ,, -   ,, -   ,, -   ,, -   ,, -   ,, -   ,, -   ,, -   ,, -   ,, -   ,, -   ,, -   ,, -   ,, -   ,, -   ,, -   ,, -   ,, -   ,, -   ,, -   ,," 13,638.36 ",," 14,121.51 ",," 23,403.64 ",,,,,,,," 51,163.51 ",
66033  Payroll Tax, -   ,, -   ,, -   ,, -   ,, -   ,, -   ,, -   ,, -   ,, -   ,, -   ,, -   ,, -   ,, -   ,, -   ,, -   ,, -   ,, -   ,, -   ,, -   ,, -   ,, -   ,, -   ,, -   ,, -   ,, -   ,, -   ,, -   ,, -   ,, -   ,, -   ,, -   ,, -   ,," 1,128.51 ",," 1,143.53 ",," 1,745.49 ",,,,,,,," 4,017.53 ",
66031  Payroll Overhead, -   ,, -   ,, -   ,, -   ,, -   ,, -   ,, -   ,, -   ,, -   ,, -   ,, -   ,, -   ,, -   ,, -   ,, -   ,, -   ,, -   ,, -   ,, -   ,, -   ,, -   ,, -   ,, -   ,, -   ,, -   ,, -   ,, -   ,, -   ,, -   ,, -   ,, -   ,, -   ,, -   ,, -   ,, -   ,,,,,,,, -   ,
66032  Health Insurance, -   ,, -   ,, -   ,, -   ,, -   ,, -   ,, -   ,, -   ,, -   ,, -   ,, -   ,, -   ,, -   ,, -   ,, -   ,, -   ,, -   ,, -   ,, -   ,, -   ,, -   ,, -   ,, -   ,, -   ,, -   ,, -   ,, -   ,, -   ,, -   ,, -   ,, -   ,, -   ,, 811.18 ,, 807.92 ,," 2,945.52 ",,,,,,,," 4,564.62 ",
66038  Contract Labor, -   ,, -   ,, -   ,, -   ,, -   ,, -   ,, -   ,, -   ,, -   ,, -   ,, -   ,, -   ,, -   ,, -   ,, -   ,, -   ,, -   ,, -   ,, -   ,, -   ,, -   ,, -   ,, -   ,, -   ,, -   ,, -   ,, -   ,, -   ,, -   ,, -   ,, -   ,, -   ,, 540.00 ,," 1,732.50 ",, -   ,,,,,,,," 2,272.50 ",
66039  Reimbursments, -   ,, -   ,, -   ,, -   ,, -   ,, -   ,, -   ,, -   ,, -   ,, -   ,, -   ,, -   ,, -   ,, -   ,, -   ,, -   ,, -   ,, -   ,, -   ,, -   ,, -   ,, -   ,, -   ,, -   ,, -   ,, -   ,, -   ,, -   ,, -   ,, -   ,, -   ,, -   ,, -   ,, -   ,, 450.00 ,,,,,,,, 450.00 ,
Total Shared Payroll, -   , -   , -   ,, -   , -   , -   ,, -   , -   , -   ,, -   , -   , -   , -   , -   , -   , -   ,, -   , -   , -   , -   , -   ,, -   ,, -   ,, -   ,, -   ,, -   ,, -   ,, -   ,, -   ,, -   ,, -   ,, -   ,, -   ,, -   ,, -   , -   , -   , -   , -   , -   , -   , -   , -   , -   , -   , -   ," 16,118.05 ", -   ," 17,805.46 ", -   ," 28,544.65 ", -   ,, -   ,, -   ,, -   ," 62,468.16 ",
Physician Payroll,,,,,,,,,,,,,,,,,,,,,,,,,,,,,,,,,,,,,,,,,,,,,,,,,,,,,,,,,,,,,,,,,,,,,,,,,,,,,,
66010  Wages," 6,900.00 ",," 6,900.00 ",," 6,900.00 ",," 6,900.00 ",," 6,900.00 ",," 6,900.00 ",, -   ,," 6,900.00 ",," 6,900.00 ",, -   ,, -   ,," 29,200.00 ",," 84,400.00 ",," 8,600.00 ",," 8,600.00 ",," 8,600.00 ",," 8,600.00 ",," 8,600.00 ",," 8,600.00 ",," 8,600.00 ",," 8,600.00 ",," 8,600.00 ",," 8,600.00 ",," 8,600.00 ",," 25,400.00 ",," 120,000.00 ",, -   ,, -   ,, -   ,," 20,833.33 ",, -   ,," 40,833.33 ",, -   ,," 21,666.67 ",," 13,541.66 ",,,,,,,," 96,874.99 ",
66011  Payroll Tax, -   ,, -   ,, -   ,, -   ,, -   ,, -   ,, -   ,, -   ,, -   ,, -   ,, -   ,, -   ,, -   ,, -   ,, -   ,, -   ,, -   ,, -   ,, -   ,, -   ,, -   ,, -   ,, -   ,, -   ,, -   ,, -   ,, -   ,, -   ,, -   ,, -   ,, -   ,, -   ,, -   ,," 1,722.00 ",," 2,757.93 ",,,,,,,," 4,479.93 ",
66012  Provider Benefits, -   ,," 1,609.71 ",," 1,609.71 ",," 1,609.71 ",," 1,609.71 ",," 1,609.71 ",," 3,755.99 ",, -   ,, -   ,, -   ,, -   ,," (4,705.54)",," 7,099.00 ",, -   ,, -   ,, -   ,, -   ,, -   ,, -   ,," 4,663.92 ",," 2,367.18 ",," 4,735.39 ",, -   ,, -   ,, -   ,," 11,766.49 ",, -   ,, -   ,, -   ,, -   ,, -   ,, -   ,, -   ,, -   ,, -   ,,,,,,,, -   ,
66075  Physician Bonus, -   ,, -   ,, -   ,, -   ,, -   ,, -   ,, -   ,, -   ,, -   ,, -   ,, -   ,, -   ,, -   ,, -   ,, -   ,, -   ,, -   ,, -   ,, -   ,, -   ,, -   ,, -   ,, -   ,, -   ,, -   ,, -   ,, -   ,, -   ,, -   ,, -   ,, -   ,, -   ,, -   ,, -   ,, -   ,,,,,,,, -   ,
Physician Payroll - Other, -   ,, -   ,, -   ,, -   ,, -   ,, -   ,, -   ,, -   ,, -   ,, -   ,, -   ,, -   ,, -   ,, -   ,, -   ,, -   ,, -   ,, -   ,, -   ,, -   ,, -   ,, -   ,, -   ,, -   ,, -   ,, -   ,, -   ,, -   ,, -   ,, -   ,, -   ,, -   ,, -   ,, -   ,, -   ,,,,,,,, -   ,
Total Physician Payroll," 6,900.00 ",," 8,509.71 ",," 8,509.71 ",," 8,509.71 ",," 8,509.71 ",," 8,509.71 ",," 3,755.99 ",," 6,900.00 ",," 6,900.00 ",, -   ,, -   ,," 24,494.46 ",," 91,499.00 ",," 8,600.00 ",," 8,600.00 ",," 8,600.00 ",," 8,600.00 ",," 8,600.00 ",," 8,600.00 ",," 13,263.92 ",," 10,967.18 ",," 13,335.39 ",," 8,600.00 ",," 8,600.00 ",," 25,400.00 ",," 131,766.49 ",, -   ,, -   ,, -   ,," 20,833.33 ",, -   ,," 40,833.33 ",, -   ,," 23,388.67 ",," 16,299.59 ",,,,,,,," 101,354.92 ",
Payroll - Other,,,,,,,,,,,,,,,,,,,,,,,,,,,,,,,,,,,,,,,,,,,,,,,,,,,,,,,,,,,,,,,,,,,,,,,,,,,,,,
66020  Salary - Other, -   ,, -   ,, -   ,, -   ,, -   ,, -   ,, -   ,, -   ,, -   ,, -   ,, -   ,, -   ,, -   ,, -   ,, -   ,, -   ,, -   ,, -   ,, -   ,, -   ,, -   ,, -   ,, -   ,, -   ,, -   ,, -   ,, -   ,, -   ,, -   ,, -   ,, -   ,, -   ,, -   ,, -   ,, -   ,,,,,,,, -   ,
Total Payroll," 28,496.76 ",," 27,325.13 ",," 42,161.80 ",," 29,497.81 ",," 30,501.77 ",," 29,547.08 ",," 21,705.21 ",," 36,932.20 ",," 27,188.88 ",," 19,579.48 ",," 20,792.65 ",," 57,672.47 ",," 371,401.24 ",," 27,497.16 ",," 28,528.83 ",," 29,268.94 ",," 28,886.22 ",," 28,765.97 ",," 28,709.06 ",," 43,172.77 ",," 30,945.17 ",," 35,401.03 ",," 29,034.72 ",," 25,819.79 ",," 68,106.45 ",," 404,136.11 ",," 32,087.27 ",," 29,453.88 ",," 18,500.90 ",," 46,513.42 ",," 9,065.61 ",," 40,833.33 ",," 16,118.05 ",," 41,194.13 ",," 44,844.24 ",,,,,,,," 278,610.83 ",
Pension Expense, -   ,, -   ,, -   ,," 2,328.40 ",, 551.16 ,, 505.11 ,, 118.15 ,, 499.57 ,, 412.81 ,, 129.38 ,, 137.04 ,, 203.21 ,," 4,884.83 ",, 133.17 ,, 136.30 ,, 136.18 ,, 135.93 ,, 136.71 ,, 127.80 ,, 201.27 ,, 367.18 ,, 735.39 ,, 734.81 ,, 615.35 ,, 893.09 ,," 4,353.18 ",, -   ,, -   ,, -   ,, -   ,, -   ,, -   ,, -   ,, -   ,, -   ,,,,,,,, -   ,
65800  Payroll Processing Fees, -   ,, -   ,, -   ,, -   ,, -   ,, -   ,, -   ,, -   ,, -   ,, -   ,, -   ,, -   ,, -   ,, -   ,, -   ,, -   ,, -   ,, -   ,, -   ,, -   ,, -   ,, -   ,, -   ,, -   ,, -   ,, -   ,, -   ,, -   ,, -   ,, -   ,, -   ,, -   ,, -   ,, -   ,, 462.56 ,,,,,,,, 462.56 ,
67300  Printing, -   ,, -   ,, -   ,, -   ,, -   ,, -   ,, -   ,, -   ,, -   ,, -   ,, -   ,, -   ,, -   ,, -   ,, -   ,, -   ,, -   ,, -   ,, -   ,, -   ,, -   ,, -   ,, -   ,, -   ,, -   ,, -   ,, -   ,, -   ,, -   ,, -   ,, -   ,, -   ,, -   ,, -   ,, -   ,,,,,,,, -   ,
66700  Professional Fees," 2,233.50 ",, 468.00 ,, 915.60 ,, 722.15 ,, -   ,, -   ,, -   ,," 21,134.50 ",, -   ,, 607.50 ,, -   ,, -   ,," 26,081.25 ",, -   ,, -   ,, -   ,, 45.00 ,, 229.54 ,, 399.75 ,, -   ,, 120.00 ,, -   ,, -   ,, -   ,, -   ,, 794.29 ,, -   ,, -   ,, -   ,, -   ,, -   ,, -   ,, -   ,, -   ,," 4,000.00 ",,,,,,,," 4,000.00 ",
67100  Rent Expense," 7,574.00 ",," 7,324.00 ",," 7,324.00 ",," 7,324.00 ",," 7,324.00 ",," 8,324.00 ",," 8,952.55 ",," 7,669.00 ",," 7,700.68 ",," 7,700.68 ",," 7,700.68 ",," 14,606.51 ",," 99,524.10 ",," 7,324.00 ",," 7,324.00 ",," 7,606.51 ",," 9,074.00 ",, 219.73 ,," 7,324.00 ",," 7,637.00 ",," 7,637.00 ",," 7,606.51 ",," 14,648.00 ",," 7,324.00 ",," 14,606.00 ",," 98,330.75 ",, -   ,, -   ,, -   ,," 7,324.00 ",," 7,324.00 ",," 7,324.00 ",," 7,324.00 ",," 7,324.00 ",," 7,434.00 ",,,,,,,," 44,054.00 ",
67200  Repairs and Maintenance, -   ,, -   ,, -   ,, -   ,, 12.89 ,, -   ,, 95.22 ,, 304.25 ,, (291.30),, -   ,, -   ,, -   ,, 121.06 ,, -   ,, -   ,, -   ,, -   ,, -   ,, -   ,, -   ,, -   ,, -   ,, -   ,, -   ,, -   ,, -   ,, -   ,, -   ,, -   ,, -   ,, -   ,, -   ,, -   ,, -   ,, -   ,,,,,,,, -   ,
67400  Security, -   ,, -   ,, -   ,, -   ,, -   ,, -   ,, -   ,, -   ,, -   ,, -   ,, -   ,, -   ,, -   ,, -   ,, -   ,, -   ,, -   ,, -   ,, -   ,, -   ,, -   ,, -   ,, -   ,, -   ,, -   ,, -   ,, -   ,, -   ,, -   ,, -   ,, -   ,, -   ,, -   ,, -   ,, -   ,,,,,,,, -   ,
67700  Small Medical Equipment, -   ,, -   ,, -   ,, -   ,, -   ,, -   ,, -   ,, -   ,, -   ,, -   ,, -   ,, -   ,, -   ,, -   ,, -   ,, -   ,, -   ,, -   ,, -   ,, -   ,, -   ,, -   ,, -   ,, -   ,, -   ,, -   ,, -   ,, -   ,, -   ,, -   ,, -   ,, -   ,, -   ,, -   ,, -   ,,,,,,,, -   ,
Taxes,,,,,,,,,,,,,,,,,,,,,,,,,,,,,,,,,,,,,,,,,,,,,,,,,,,,,,,,,,,,,,,,,,,,,,,,,,,,,,
68010  Personal Property Tax, -   ,, -   ,, -   ,, -   ,, -   ,, -   ,, -   ,, -   ,, -   ,, -   ,, -   ,, -   ,, -   ,, -   ,, -   ,, -   ,, -   ,, -   ,, -   ,, -   ,, -   ,, -   ,, -   ,, -   ,, -   ,, -   ,, -   ,, -   ,, -   ,, -   ,, -   ,, -   ,, -   ,, -   ,, -   ,,,,,,,, -   ,
68020  Franchise Tax, -   ,, -   ,, -   ,, -   ,, -   ,, -   ,, -   ,, -   ,, -   ,, -   ,, -   ,, -   ,, -   ,, -   ,, -   ,, -   ,, -   ,, -   ,, -   ,, -   ,, -   ,, -   ,, -   ,, -   ,, -   ,, -   ,, -   ,, -   ,, -   ,, -   ,, -   ,, -   ,, -   ,, -   ,, -   ,,,,,,,, -   ,
68000  Taxes - Other, -   ,, -   ,, -   ,, -   ,, -   ,, -   ,, -   ,, -   ,, -   ,, -   ,, -   ,, -   ,, -   ,, -   ,, -   ,, -   ,, -   ,, -   ,, -   ,, -   ,, -   ,, -   ,, -   ,, -   ,, -   ,, -   ,, -   ,, -   ,, -   ,, -   ,, -   ,, -   ,, -   ,, -   ,, -   ,,,,,,,, -   ,
Total 68000  Taxes, -   ,, -   ,, -   ,, -   ,, -   ,, -   ,, -   ,, 51.00 ,, -   ,, -   ,, -   ,, -   ,, 51.00 ,, -   ,, 110.62 ,, -   ,, -   ,, -   ,, -   ,, -   ,, -   ,, -   ,, -   ,, -   ,, -   ,, 110.62 ,, 113.02 ,, -   ,, -   ,, -   ,, -   ,, -   ,, -   ,, -   ,, -   ,,,,,,,, 113.02 ,
68100  Computer Expense," 1,236.86 ",," 1,727.24 ",," 1,404.87 ",," 1,530.14 ",," 1,566.27 ",," 1,405.97 ",," 1,456.95 ",," 1,430.32 ",," 1,295.57 ",," 1,175.07 ",," 1,163.43 ",," 1,221.75 ",," 16,614.44 ",," 1,536.33 ",," 4,795.61 ",," 3,383.58 ",," 3,838.38 ",," 11,534.26 ",," 11,511.87 ",," 1,811.36 ",," 1,775.91 ",," 1,832.01 ",," 2,020.95 ",," 1,978.01 ",," 4,365.63 ",," 50,383.90 ",," 1,558.02 ",," 1,229.51 ",, 138.15 ,," 1,402.97 ",," 1,418.54 ",," 1,363.18 ",," 3,076.56 ",," 2,325.77 ",," 2,262.06 ",,,,,,,," 14,774.76 ",
68400  Travel Expense," 1,004.45 ",, 5.70 ,, 14.12 ,, -   ,, -   ,, 38.12 ,, 121.39 ,, 446.22 ,, 743.44 ,," 4,156.47 ",, 245.97 ,, 81.95 ,," 6,857.83 ",, 481.51 ,, -   ,, -   ,, -   ,," 7,680.87 ",, 942.18 ,," 1,480.88 ",, 433.97 ,, -   ,, 60.55 ,, -   ,, 212.00 ,," 11,291.96 ",, -   ,, -   ,, -   ,, -   ,, -   ,, -   ,, -   ,, -   ,, -   ,,,,,,,, -   ,
68500  Uniforms, 110.05 ,, 78.63 ,, 637.00 ,, 156.77 ,, 694.41 ,, (408.76),, 15.39 ,, 117.74 ,, 47.29 ,, 181.60 ,, 118.78 ,, 307.87 ,," 2,056.77 ",, 190.36 ,, 102.30 ,, -   ,, 192.23 ,, -   ,, -   ,, 72.00 ,, -   ,, -   ,, 279.47 ,, -   ,, 392.31 ,," 1,228.67 ",, -   ,, -   ,, -   ,, -   ,, -   ,, -   ,, -   ,, -   ,, 281.82 ,,,,,,,, 281.82 ,
68700  Conference Fees, -   ,, -   ,, -   ,, -   ,, -   ,, -   ,, -   ,, -   ,, -   ,, -   ,, -   ,, -   ,, -   ,, -   ,, -   ,, -   ,, -   ,, -   ,, -   ,, -   ,, -   ,, -   ,, -   ,, -   ,, -   ,, -   ,, -   ,, -   ,, -   ,, -   ,, -   ,, -   ,, -   ,, -   ,, -   ,,,,,,,, -   ,
68600  Utilities, 551.56 ,, 508.22 ,, 719.93 ,, 611.18 ,, 476.96 ,, 476.96 ,, 355.61 ,, 252.66 ,, 252.66 ,, 640.09 ,, 526.02 ,, 252.66 ,," 5,624.51 ",, 521.50 ,, 553.05 ,, 270.54 ,," 1,942.43 ",, 559.27 ,," 1,108.64 ",, 858.03 ,, 900.08 ,, 900.08 ,," 1,220.00 ",," 1,157.10 ",, 906.10 ,," 10,896.82 ",, 625.06 ,, 624.86 ,, 624.86 ,, 251.00 ,, 282.51 ,, 313.90 ,, -   ,, -   ,, 693.86 ,,,,,,,," 3,416.05 ",
69900  Answering Service, -   ,, -   ,, -   ,, -   ,, -   ,, -   ,, -   ,, -   ,, -   ,, -   ,, -   ,, -   ,, -   ,, -   ,, -   ,, -   ,, -   ,, -   ,, -   ,, -   ,, -   ,, -   ,, -   ,, -   ,, -   ,, -   ,, -   ,, -   ,, -   ,, -   ,, -   ,, -   ,, -   ,, -   ,, -   ,,,,,,,, -   ,
70000 Miscellaneous, -   ,, -   ,, -   ,, -   ,, -   ,, -   ,, -   ,, -   ,, -   ,, -   ,, -   ,, -   ,, -   ,, -   ,, -   ,, -   ,, -   ,, -   ,, -   ,, -   ,, -   ,, -   ,, -   ,, -   ,, -   ,, -   ,, -   ,, -   ,, -   ,, -   ,, -   ,, -   ,, -   ,, -   ,, -   ,,,,,,,, -   ,
Total Expense," 49,476.44 ", -   ," 48,441.50 ",," 65,528.84 ", -   ," 49,704.31 ",," 55,674.78 ", -   ," 49,191.35 ",," 43,214.32 ", -   ," 81,930.63 ", -   ," 47,396.64 ", -   ," 50,791.10 ",," 41,595.79 ", -   ," 86,448.86 ", -   ," 669,394.56 ",," 49,730.72 ", -   ," 49,750.50 ", -   ," 43,200.42 ", -   ," 49,317.27 ", -   ," 56,374.90 ",," 55,302.88 ", -   ," 59,221.60 ", -   ," 49,607.14 ", -   ," 51,601.75 ", -   ," 55,695.18 ", -   ," 43,381.28 ", -   ," 100,997.31 ", -   ," 664,180.95 ",," 37,406.60 ", -   ," 37,096.13 ", -   ," 21,124.31 ", -   ," 61,449.09 ", -   ," 20,035.36 ", -   ," 50,636.51 ", -   ," 30,774.71 ", -   ," 53,083.41 ", -   ," 63,004.40 ", -   ,,,,,, -   ," 374,610.52 ",
Net Ordinary Income," 5,088.60 ",," 8,095.08 ",," 4,816.38 ",," 7,805.44 ",," 10,818.73 ",," 16,012.34 ",," 28,628.71 ",," 5,206.83 ",," 26,292.27 ",," 19,649.15 ",," 24,009.58 ",," (17,594.67)",," 138,828.44 ",," 25,436.98 ",," 2,104.42 ",," 27,329.64 ",," 22,289.86 ",," 56,388.21 ",," 19,549.34 ",," 40,142.38 ",," 25,716.07 ",," 58,660.87 ",," 50,780.74 ",," 43,306.18 ",," 11,889.07 ",," 383,593.76 ",," 52,778.08 ",," 46,672.02 ",," 66,601.91 ",," 11,526.35 ",," 47,020.73 ",," (7,766.35)",," 22,515.80 ",," 5,105.85 ",," (6,626.76)",,,,,,,," 237,827.63 ",
Other Income/Expense,,,,,,,,,,,,,,,,,,,,,,,,,,,,,,,,,,,,,,,,,,,,,,,,,,,,,,,,,,,,,,,,,,,,,,,,,,,,,,
93000  Interest Income, 497.79 ,, 586.22 ,, -   ,, -   ,, -   ,, -   ,, -   ,, -   ,, -   ,, -   ,, -   ,," 2,367.86 ",," 3,451.87 ",, -   ,, -   ,, -   ,, -   ,, -   ,, -   ,, -   ,, -   ,, -   ,, -   ,, -   ,," 14,055.45 ",," 14,055.45 ",, -   ,, -   ,, -   ,, -   ,, -   ,, -   ,, -   ,, -   ,, -   ,,,,,,,, -   ,
Total Other Income, 497.79 ,, 586.22 ,, -   ,, -   ,, -   ,, -   ,, -   ,, -   ,, -   ,, -   ,, -   ,," 2,367.86 ",," 3,451.87 ",, -   ,, -   ,, -   ,, -   ,, -   ,, -   ,, -   ,, -   ,, -   ,, -   ,, -   ,," 14,055.45 ",," 14,055.45 ",, -   ,, -   ,, -   ,, -   ,, -   ,, -   ,, -   ,, -   ,, -   ,,,,,,,, -   ,
Other Expense,,,,,,,,,,,,,,,,,,,,,,,,,,,,,,,,,,,,,,,,,,,,,,,,,,,,,,,,,,,,,,,,,,,,,,,,,,,,,,
81100  APP Sweep, -   ,, -   ,, -   ,, -   ,, -   ,, -   ,, -   ,, -   ,, -   ,, -   ,, -   ,, -   ,, -   ,, -   ,, -   ,, -   ,, -   ,, -   ,, -   ,, -   ,, -   ,, -   ,, -   ,, -   ,, -   ,, -   ,, -   ,, -   ,, -   ,, -   ,, -   ,, -   ,, -   ,, -   ,, -   ,,,,,,,, -   ,
80500  Other Expenses, -   ,, -   ,, -   ,, -   ,, -   ,, -   ,, -   ,, -   ,, -   ,, -   ,, -   ,, -   ,, -   ,, -   ,, -   ,, -   ,, -   ,, -   ,, -   ,, -   ,, -   ,, -   ,, -   ,, -   ,, -   ,, -   ,, -   ,, -   ,, -   ,, -   ,, -   ,, -   ,, -   ,, -   ,, -   ,,,,,,,, -   ,
81000  APP Pearland Clearing, -   ,, -   ,, -   ,, -   ,, -   ,, -   ,, -   ,, -   ,, -   ,, -   ,, -   ,, -   ,, -   ,, -   ,, -   ,, -   ,, -   ,, -   ,, -   ,, -   ,, -   ,, -   ,, -   ,, -   ,, -   ,, -   ,, -   ,, -   ,, -   ,, -   ,, -   ,, -   ,, -   ,, -   ,, -   ,,,,,,,, -   ,
84000  Depreciation Expense, -   ,, -   ,, -   ,, -   ,, -   ,, -   ,, -   ,, -   ,, -   ,, -   ,, -   ,, -   ,, -   ,, -   ,, -   ,, -   ,, -   ,, -   ,, -   ,, -   ,, -   ,, -   ,, -   ,, -   ,, -   ,, -   ,, -   ,, -   ,, -   ,, -   ,, -   ,, -   ,, -   ,, -   ,, -   ,,,,,,,, -   ,
80000  Management Fee Paid, -   ,, -   ,, -   ,, -   ,, -   ,, -   ,, -   ,, -   ,, -   ,, -   ,, -   ,, -   ,, -   ,, -   ,, -   ,, -   ,, -   ,, -   ,, -   ,, -   ,, -   ,, -   ,, -   ,, -   ,, -   ,, -   ,, -   ,, -   ,, -   ,, -   ,," 11,593.00 ",," 17,133.00 ",," 19,000.00 ",," 19,409.00 ",," 31,000.00 ",,,,,,,," 98,135.00 ",
83000  Ask My Accountant, -   ,, -   ,, -   ,, -   ,, -   ,, -   ,, -   ,, -   ,, -   ,, -   ,, -   ,, -   ,, -   ,, -   ,, -   ,, -   ,, -   ,, -   ,, -   ,, -   ,, -   ,, -   ,, -   ,, -   ,, -   ,, -   ,, -   ,, -   ,, -   ,, -   ,, -   ,, -   ,, -   ,, -   ,, -   ,,,,,,,, -   ,
85000  Interest Expense," 1,278.35 ",," 1,481.28 ",," 1,418.82 ",," 1,250.96 ",," 1,240.71 ",," 1,494.33 ",," 1,372.40 ",," 1,207.53 ",," 1,195.64 ",," 1,184.45 ",," 1,173.58 ",," 1,161.91 ",," 15,459.96 ",," 1,150.58 ",," 1,334.90 ",," 1,374.75 ",," 1,282.38 ",," 1,125.20 ",," 1,093.23 ",," 1,082.39 ",," 1,069.97 ",," 1,058.25 ",," 1,047.30 ",," 1,034.71 ",," 1,022.87 ",," 13,676.53 ",," 1,011.37 ",, 999.43 ,, 987.85 ,, 975.82 ,, 962.93 ,, 950.79 ,, 939.02 ,, 926.38 ,, -   ,,,,,,,," 7,753.59 ",
89005  Corporate Admin Fee, -   ,, -   ,, -   ,, -   ,, -   ,, -   ,, -   ,, -   ,, -   ,, -   ,, -   ,, -   ,, -   ,, -   ,, -   ,, -   ,, -   ,, -   ,, -   ,, -   ,, -   ,, -   ,, -   ,, -   ,, -   ,, -   ,, -   ,, -   ,, -   ,, -   ,, -   ,, -   ,, -   ,, -   ,, -   ,,,,,,,, -   ,
90000 Nondeductible Expense, -   ,, -   ,, -   ,, -   ,, -   ,, -   ,, -   ,, -   ,, -   ,, -   ,, -   ,, -   ,, -   ,, -   ,, -   ,, -   ,, -   ,, -   ,, -   ,, -   ,, -   ,, -   ,, -   ,, -   ,, -   ,, -   ,, -   ,, -   ,, -   ,, -   ,, -   ,, -   ,, -   ,, -   ,, -   ,,,,,,,, -   ,
Total Other Expense," 1,278.35 ",," 1,481.28 ",," 1,418.82 ",," 1,250.96 ",," 1,240.71 ",," 1,494.33 ",," 1,372.40 ",," 1,207.53 ",," 1,195.64 ",," 1,184.45 ",," 1,173.58 ",," 1,161.91 ",," 15,459.96 ",," 1,150.58 ",," 1,334.90 ",," 1,374.75 ",," 1,282.38 ",," 1,125.20 ",," 1,093.23 ",," 1,082.39 ",," 1,069.97 ",," 1,058.25 ",," 1,047.30 ",," 1,034.71 ",," 1,022.87 ",," 13,676.53 ",," 1,011.37 ",, 999.43 ,, 987.85 ,, 975.82 ,," 12,555.93 ",," 18,083.79 ",," 19,939.02 ",," 20,335.38 ",," 31,000.00 ",,,,,,,," 105,888.59 ",
Net Other Income, (780.56),, (895.06),," (1,418.82)",," (1,250.96)",," (1,240.71)",," (1,494.33)",," (1,372.40)",," (1,207.53)",," (1,195.64)",," (1,184.45)",," (1,173.58)",," 1,205.95 ",," (12,008.09)",," (1,150.58)",," (1,334.90)",," (1,374.75)",," (1,282.38)",," (1,125.20)",," (1,093.23)",," (1,082.39)",," (1,069.97)",," (1,058.25)",," (1,047.30)",," (1,034.71)",," 13,032.58 ",, 378.92 ,," (1,011.37)",, (999.43),, (987.85),, (975.82),," (12,555.93)",," (18,083.79)",," (19,939.02)",," (20,335.38)",," (31,000.00)",,,,,,,," (105,888.59)",
Net Income," 4,308.04 ",," 7,200.02 ",," 3,397.56 ",," 6,554.48 ",," 9,578.02 ",," 14,518.01 ",," 27,256.31 ",," 3,999.30 ",," 25,096.63 ",," 18,464.70 ",," 22,836.00 ",," (16,388.72)",," 126,820.35 ",," 24,286.40 ",, 769.52 ,," 25,954.89 ",," 21,007.48 ",," 55,263.01 ",," 18,456.11 ",," 39,059.99 ",," 24,646.10 ",," 57,602.62 ",," 49,733.44 ",," 42,271.47 ",," 24,921.65 ",," 383,972.68 ",," 51,766.71 ",," 45,672.59 ",," 65,614.06 ",," 10,550.53 ",," 34,464.80 ",," (25,850.14)",," 2,576.78 ",," (15,229.53)",," (37,626.76)",,,,,,,," 131,939.04 ",
