American Pain Partners LLC - Katy,,,,,,,,,,,,,,,,,,,,,,,,,,,,,,,,,,,,,,,,,,,,,,,,,,,,,,,,,,,,,,,,,,,,,,,,,,,,,,
Profit & Loss,,,,,,,,,,,,,,,,,,,,,,,,,,,,,,,,,,,,,,,,,,,,,,,,,,,,,,,,,,,,,,,,,,,,,,,,,,,,,,
January 2023 through September 2025,,,,,,,,,,,,,,,,,,,,,,,,,,,,,,,,,,,,,,,,,,,,,,,,,,,,,,,,,,,,,,,,,,,,,,,,,,,,,,
,Jan 23,,Feb 23,,Mar 23,,Apr 23,,May 23,,Jun 23,,Jul 23,,Aug 23,,Sep 23,,Oct 23,,Nov 23,,Dec 23,,TOTAL,,Jan 24,,Feb 24,,Mar 24,,Apr 24,,May 24,,Jun 24,,Jul 24,,Aug 24,,Sep 24,,Oct 24,,Nov 24,,Dec 24,,TOTAL,,Jan 25,,Feb 25,,Mar 25,,Apr 25,,May 25,,Jun 25,,Jul 25,,Aug 25,,Sep 25,,Oct 25,,Nov 25,,Dec 25,,TOTAL,
Ordinary Income/Expense,,,,,,,,,,,,,,,,,,,,,,,,,,,,,,,,,,,,,,,,,,,,,,,,,,,,,,,,,,,,,,,,,,,,,,,,,,,,,,
Income,,,,,,,,,,,,,,,,,,,,,,,,,,,,,,,,,,,,,,,,,,,,,,,,,,,,, -   ,, -   ,, -   ,, -   ,, -   ,, -   ,, -   ,, -   ,, -   ,,,,,,,,,
40000  HD Research LLC Income, -   ,, -   ,, -   ,, -   ,, -   ,, -   ,, -   ,, -   ,, -   ,, -   ,, -   ,, -   ,, -   ,, -   ,, -   ,, -   ,, -   ,, -   ,, -   ,, -   ,, -   ,, -   ,, -   ,, -   ,, -   ,, -   ,, -   ,, -   ,, -   ,, -   ,, -   ,, -   ,, -   ,, -   ,, -   ,,,,,,,, -   ,
41000  Personal Injury, -   ,, -   ,, -   ,, -   ,, -   ,, -   ,, -   ,, -   ,, -   ,, -   ,, -   ,, -   ,, -   ,, -   ,, -   ,, -   ,, -   ,, -   ,, -   ,, -   ,, -   ,, -   ,, -   ,, -   ,, -   ,, -   ,, -   ,, -   ,, -   ,, -   ,, -   ,, -   ,, -   ,, -   ,, -   ,,,,,,,, -   ,
43000  ACH Credit, -   ,, -   ,, -   ,, -   ,, -   ,, -   ,, -   ,, -   ,, -   ,, -   ,, -   ,, -   ,, -   ,, -   ,, -   ,, -   ,, -   ,, -   ,, -   ,, -   ,, -   ,, -   ,, -   ,, -   ,, -   ,, -   ,, -   ,, -   ,, -   ,, -   ,, -   ,, -   ,, -   ,, -   ,, -   ,,,,,,,, -   ,
42000  Nonmedical Income, -   ,, -   ,, -   ,, -   ,, -   ,, -   ,, -   ,, -   ,, -   ,, -   ,, -   ,, -   ,, -   ,, -   ,, -   ,, -   ,, -   ,, -   ,, -   ,, -   ,, -   ,, -   ,, -   ,, -   ,, -   ,, -   ,, -   ,, -   ,, -   ,, -   ,, -   ,, -   ,, -   ,, -   ,, -   ,,,,,,,, -   ,
44000  OTC Deposit, -   ,, -   ,, -   ,, -   ,, -   ,, -   ,, -   ,, -   ,, -   ,, -   ,, -   ,, -   ,, -   ,, -   ,, -   ,, -   ,, -   ,, -   ,, -   ,, -   ,, -   ,, -   ,, -   ,, -   ,, -   ,, -   ,, -   ,, -   ,, -   ,, -   ,, -   ,, -   ,, -   ,, -   ,, -   ,,,,,,,, -   ,
44500  Practice Income, -   ,, -   ,, -   ,, -   ,, -   ,, -   ,, -   ,, -   ,, -   ,, -   ,, -   ,, -   ,, -   ,, -   ,, -   ,, -   ,, -   ,, -   ,, -   ,, -   ,, -   ,, -   ,, -   ,, -   ,, -   ,, -   ,, -   ,, -   ,, -   ,, -   ,, -   ,, -   ,, -   ,, -   ,, -   ,,,,,,,, -   ,
45000  Refunds, -   ,, -   ,, -   ,, -   ,, -   ,, -   ,, -   ,, -   ,, -   ,, -   ,, -   ,, -   ,, -   ,, -   ,, -   ,, -   ,, -   ,, -   ,, -   ,, -   ,, -   ,, -   ,, -   ,, -   ,, -   ,, -   ,, -   ,, -   ,, -   ,, -   ,, -   ,, -   ,, -   ,, -   ,, -   ,,,,,,,, -   ,
46000  Management Fee Income, -   ,, -   ,, -   ,, -   ,, -   ,, -   ,, -   ,, -   ,, -   ,, -   ,," 20,500.00 ",," 15,000.00 ",," 35,500.00 ",," 28,000.00 ",," 28,400.00 ",," 24,900.00 ",," 28,000.00 ",," 31,800.00 ",," 28,000.00 ",," 25,300.00 ",," 26,800.00 ",," 24,500.00 ",," 31,000.00 ",," 23,000.00 ",," 17,000.00 ",," 316,700.00 ",," 8,000.00 ",, -   ,, -   ,, -   ,, -   ,, -   ,, -   ,, -   ,, -   ,,,,,,,," 8,000.00 ",
Total Income, -   ,, -   ,, -   ,, -   ,, -   ,, -   ,, -   ,, -   ,, -   ,, -   ,," 20,500.00 ",," 15,000.00 ",," 35,500.00 ",," 28,000.00 ",," 28,400.00 ",," 24,900.00 ",," 28,000.00 ",," 31,800.00 ",," 28,000.00 ",," 25,300.00 ",," 26,800.00 ",," 24,500.00 ",," 31,000.00 ",," 23,000.00 ",," 17,000.00 ",," 316,700.00 ",," 8,000.00 ",, -   ,, -   ,, -   ,, -   ,, -   ,, -   ,, -   ,, -   ,,,,,,,," 8,000.00 ",
Cost of Goods Sold,,,,,,,,,,,,,,,,,,,,,,,,,,,,,,,,,,,,,,,,,,,,,,,,,,,,,,,,,,,,,,,,,,,,,,,,,,,,,,
51000  Consulting, -   ,, -   ,, -   ,, -   ,, -   ,, -   ,, -   ,, -   ,, -   ,, -   ,, -   ,, -   ,, -   ,, -   ,, -   ,, -   ,, -   ,, -   ,, -   ,, -   ,, -   ,, -   ,, -   ,, -   ,, -   ,, -   ,, -   ,, -   ,, -   ,, -   ,, -   ,, -   ,, -   ,, -   ,, -   ,,,,,,,, -   ,
52000  Medical Waste, -   ,, -   ,, -   ,, -   ,, -   ,, -   ,, -   ,, -   ,, -   ,, -   ,, -   ,, -   ,, -   ,, -   ,, -   ,, -   ,, -   ,, -   ,, -   ,, -   ,, -   ,, -   ,, -   ,, -   ,, -   ,, -   ,, -   ,, -   ,, -   ,, -   ,, -   ,, -   ,, -   ,, -   ,, -   ,,,,,,,, -   ,
53000  Medical Billing, -   ,, -   ,, -   ,, -   ,, -   ,, -   ,, -   ,, -   ,, -   ,, -   ,, -   ,, -   ,, -   ,, -   ,, -   ,, -   ,, -   ,, -   ,, -   ,, -   ,, -   ,, -   ,, -   ,, -   ,, -   ,, -   ,, -   ,, -   ,, -   ,, -   ,, -   ,, -   ,, -   ,, -   ,, -   ,,,,,,,, -   ,
54000  Medical Supplies, -   ,, -   ,, -   ,, -   ,, -   ,, -   ,, -   ,, -   ,, -   ,, -   ,, -   ,, -   ,, -   ,, -   ,, -   ,, -   ,, -   ,, -   ,, -   ,, -   ,, -   ,, -   ,, -   ,, -   ,, -   ,, -   ,, -   ,, -   ,, -   ,, -   ,, -   ,, -   ,, -   ,, -   ,, -   ,,,,,,,, -   ,
55000  Contract Labor, -   ,, -   ,, -   ,, -   ,, -   ,, -   ,, -   ,, -   ,, -   ,, -   ,, -   ,, -   ,, -   ,, -   ,, -   ,, -   ,, -   ,, -   ,, -   ,, -   ,, -   ,, -   ,, -   ,, -   ,, -   ,, -   ,, -   ,, -   ,, -   ,, -   ,, -   ,, -   ,, -   ,, -   ,, -   ,,,,,,,, -   ,
56000  Merchant Fees, -   ,, -   ,, -   ,, -   ,, -   ,, -   ,, -   ,, -   ,, -   ,, -   ,, -   ,, -   ,, -   ,, -   ,, -   ,, -   ,, -   ,, -   ,, -   ,, -   ,, -   ,, -   ,, -   ,, -   ,, -   ,, -   ,, -   ,, -   ,, -   ,, -   ,, -   ,, -   ,, -   ,, -   ,, -   ,,,,,,,, -   ,
57000  Patience Expense, -   ,, -   ,, -   ,, -   ,, -   ,, -   ,, -   ,, -   ,, -   ,, -   ,, -   ,, -   ,, -   ,, -   ,, -   ,, -   ,, -   ,, -   ,, -   ,, -   ,, -   ,, -   ,, -   ,, -   ,, -   ,, -   ,, -   ,, -   ,, -   ,, -   ,, -   ,, -   ,, -   ,, -   ,, -   ,,,,,,,, -   ,
57500  Chronic Care Management, -   ,, -   ,, -   ,, -   ,, -   ,, -   ,, -   ,, -   ,, -   ,, -   ,, -   ,, -   ,, -   ,, -   ,, -   ,, -   ,, -   ,, -   ,, -   ,, -   ,, -   ,, -   ,, -   ,, -   ,, -   ,, -   ,, -   ,, -   ,, -   ,, -   ,, -   ,, -   ,, -   ,, -   ,, -   ,,,,,,,, -   ,
58000  Management Fees, -   ,, -   ,, -   ,, -   ,, -   ,, -   ,, -   ,, -   ,, -   ,, -   ,, -   ,, -   ,, -   ,, -   ,, -   ,, -   ,, -   ,, -   ,, -   ,, -   ,, -   ,, -   ,, -   ,, -   ,, -   ,, -   ,, -   ,, -   ,, -   ,, -   ,, -   ,, -   ,, -   ,, -   ,, -   ,,,,,,,, -   ,
64300  Medical Books and Research, -   ,, -   ,, -   ,, -   ,, -   ,, -   ,, -   ,, -   ,, -   ,, -   ,, -   ,, -   ,, -   ,, -   ,, -   ,, -   ,, -   ,, -   ,, -   ,, -   ,, -   ,, -   ,, -   ,, -   ,, -   ,, -   ,, -   ,, -   ,, -   ,, -   ,, -   ,, -   ,, -   ,, -   ,, -   ,,,,,,,, -   ,
68200  Laboratory Fees, -   ,, -   ,, -   ,, -   ,, -   ,, -   ,, -   ,, -   ,, -   ,, -   ,, -   ,, 180.00 ,, 180.00 ,, -   ,, -   ,, -   ,, -   ,, 474.38 ,, -   ,, 340.18 ,, -   ,, -   ,, -   ,, -   ,, -   ,, 814.56 ,, -   ,, -   ,, -   ,, -   ,, -   ,, -   ,, -   ,, -   ,, -   ,,,,,,,, -   ,
6380  Laboratory Directory, -   ,, -   ,, -   ,, -   ,, -   ,, -   ,, -   ,, -   ,, -   ,, -   ,, -   ,, -   ,, -   ,, -   ,, -   ,, -   ,, -   ,, -   ,, -   ,, -   ,, -   ,, -   ,, -   ,, -   ,, -   ,, -   ,, -   ,, -   ,, -   ,, -   ,, -   ,, -   ,, -   ,, -   ,, -   ,,,,,,,, -   ,
68300  Lab Supplies, -   ,, -   ,, -   ,, -   ,, -   ,, -   ,, -   ,, -   ,, -   ,, -   ,, -   ,, -   ,, -   ,, -   ,, -   ,, -   ,, -   ,, -   ,, -   ,, -   ,, -   ,, -   ,, -   ,, -   ,, -   ,, -   ,, -   ,, -   ,, -   ,, -   ,, -   ,, -   ,, -   ,, -   ,, -   ,,,,,,,, -   ,
Total COGS, -   ,, -   ,, -   ,, -   ,, -   ,, -   ,, -   ,, -   ,, -   ,, -   ,, -   ,, 180.00 ,, 180.00 ,, -   ,, -   ,, -   ,, -   ,, 474.38 ,, -   ,, 340.18 ,, -   ,, -   ,, -   ,, -   ,, -   ,, 814.56 ,, -   ,, -   ,, -   ,, -   ,, -   ,, -   ,, -   ,, -   ,, -   ,,,,,,,, -   ,
Gross Profit, -   ,, -   ,, -   ,, -   ,, -   ,, -   ,, -   ,, -   ,, -   ,, -   ,," 20,500.00 ",," 14,820.00 ",," 35,320.00 ",," 28,000.00 ",," 28,400.00 ",," 24,900.00 ",," 28,000.00 ",," 31,325.62 ",," 28,000.00 ",," 24,959.82 ",," 26,800.00 ",," 24,500.00 ",," 31,000.00 ",," 23,000.00 ",," 17,000.00 ",," 315,885.44 ",," 8,000.00 ",, -   ,, -   ,, -   ,, -   ,, -   ,, -   ,, -   ,, -   ,,,,,,,," 8,000.00 ",
Expense, -   ,, -   ,, -   ,, -   ,, -   ,, -   ,, -   ,, -   ,, -   ,, -   ,, -   ,, -   ,, -   ,,,,,,,,,,,,,,,,,,,,,,,,,,,,,,,,,,,,,,,,,,,,,,,,,,,,,
67800  Recruiting, -   ,, -   ,, -   ,, -   ,, -   ,, -   ,, -   ,, -   ,, -   ,, -   ,, -   ,, -   ,, -   ,, -   ,, -   ,, -   ,, -   ,, -   ,, -   ,, -   ,, -   ,, -   ,, -   ,, -   ,, -   ,, -   ,, -   ,, -   ,, -   ,, -   ,, -   ,, -   ,, -   ,, -   ,, -   ,,,,,,,, -   ,
67600  Oxygen and Gas, -   ,, -   ,, -   ,, -   ,, -   ,, -   ,, -   ,, -   ,, -   ,, -   ,, -   ,, -   ,, -   ,, -   ,, -   ,, -   ,, -   ,, -   ,, -   ,, -   ,, -   ,, -   ,, -   ,, -   ,, -   ,, -   ,, -   ,, -   ,, -   ,, -   ,, -   ,, -   ,, -   ,, -   ,, -   ,,,,,,,, -   ,
67900  Radiation Badges, -   ,, -   ,, -   ,, -   ,, -   ,, -   ,, -   ,, -   ,, -   ,, -   ,, -   ,, -   ,, -   ,, -   ,, -   ,, -   ,, -   ,, -   ,, -   ,, -   ,, -   ,, -   ,, -   ,, -   ,, -   ,, -   ,, -   ,, -   ,, -   ,, -   ,, -   ,, -   ,, -   ,, -   ,, -   ,,,,,,,, -   ,
67500  Equipment Rental, -   ,, -   ,, -   ,, -   ,, -   ,, -   ,, -   ,, -   ,, -   ,, -   ,, -   ,, -   ,, -   ,, -   ,, -   ,, -   ,, -   ,, -   ,, -   ,, -   ,, -   ,, -   ,, -   ,, -   ,, -   ,, -   ,, -   ,, -   ,, -   ,, -   ,, -   ,, -   ,, -   ,, -   ,, -   ,,,,,,,, -   ,
65100  Accounting, -   ,, -   ,, -   ,, -   ,, -   ,, -   ,, -   ,, -   ,, -   ,, -   ,, 416.40 ,, 416.40 ,, 832.80 ,, 416.40 ,, 414.40 ,, 414.40 ,, 414.40 ,, 414.40 ,, 414.40 ,, 414.40 ,, 414.40 ,, 414.40 ,, 414.40 ,, 427.20 ,, 427.20 ,," 5,000.40 ",, -   ,, -   ,, -   ,, -   ,, -   ,, -   ,, -   ,, -   ,, -   ,,,,,,,, -   ,
65475  Credentialing, -   ,, -   ,, -   ,, -   ,, -   ,, -   ,, -   ,, -   ,, -   ,, -   ,, -   ,, -   ,, -   ,, -   ,, -   ,, -   ,, -   ,, -   ,, -   ,, -   ,, -   ,, -   ,, -   ,, -   ,, -   ,, -   ,, -   ,, -   ,, -   ,, -   ,, -   ,, -   ,, -   ,, -   ,, -   ,,,,,,,, -   ,
65900 Janitorial Expense, -   ,, -   ,, -   ,, -   ,, -   ,, -   ,, -   ,, -   ,, -   ,, -   ,, 444.65 ,, 454.65 ,, 899.30 ,, 454.00 ,, 455.30 ,, 499.55 ,, -   ,," 1,000.24 ",, 500.12 ,, -   ,, -   ,, -   ,, -   ,, -   ,, -   ,," 2,909.21 ",, -   ,, -   ,, -   ,, -   ,, -   ,, -   ,, -   ,, -   ,, -   ,,,,,,,, -   ,
Automobile Expense, -   ,, -   ,, -   ,, -   ,, -   ,, -   ,, -   ,, -   ,, -   ,, -   ,, -   ,, -   ,, -   ,, -   ,, -   ,, -   ,, -   ,, -   ,, -   ,, -   ,, -   ,, -   ,, -   ,, -   ,, -   ,, -   ,, -   ,, -   ,, -   ,, -   ,, -   ,, -   ,, -   ,, -   ,, -   ,,,,,,,, -   ,
65210  Gas, -   ,, -   ,, -   ,, -   ,, -   ,, -   ,, -   ,, -   ,, -   ,, -   ,, -   ,, -   ,, -   ,, -   ,, -   ,, -   ,, -   ,, -   ,, -   ,, -   ,, -   ,, -   ,, -   ,, -   ,, -   ,, -   ,, -   ,, -   ,, -   ,, -   ,, -   ,, -   ,, -   ,, -   ,, -   ,,,,,,,, -   ,
65220  Parking, -   ,, -   ,, -   ,, -   ,, -   ,, -   ,, -   ,, -   ,, -   ,, -   ,, -   ,, -   ,, -   ,, -   ,, -   ,, -   ,, -   ,, -   ,, -   ,, -   ,, -   ,, -   ,, -   ,, -   ,, -   ,, -   ,, -   ,, -   ,, -   ,, -   ,, -   ,, -   ,, -   ,, -   ,, -   ,,,,,,,, -   ,
Automobile Expense - Other, -   ,, -   ,, -   ,, -   ,, -   ,, -   ,, -   ,, -   ,, -   ,, -   ,, -   ,, -   ,, -   ,, -   ,, -   ,, -   ,, -   ,, -   ,, -   ,, -   ,, -   ,, -   ,, -   ,, -   ,, -   ,, -   ,, -   ,, -   ,, -   ,, -   ,, -   ,, -   ,, -   ,, -   ,, -   ,,,,,,,, -   ,
Total Automobile Expense, -   ,, -   ,, -   ,, -   ,, -   ,, -   ,, -   ,, -   ,, -   ,, -   ,, -   ,, -   ,, -   ,, -   ,, -   ,, -   ,, -   ,, -   ,, -   ,, -   ,, -   ,, -   ,, -   ,, -   ,, -   ,, -   ,, -   ,, -   ,, -   ,, -   ,, -   ,, -   ,, -   ,, -   ,, -   ,,,,,,,, -   ,
65000  Advertising and Promotion, -   ,, -   ,, -   ,, -   ,, -   ,, -   ,, -   ,, -   ,, -   ,, -   ,, -   ,, -   ,, -   ,, -   ,, -   ,, -   ,, -   ,, -   ,, -   ,, -   ,, -   ,, -   ,, -   ,, -   ,, -   ,, -   ,, -   ,, -   ,, -   ,, -   ,, -   ,, -   ,, -   ,, -   ,, -   ,,,,,,,, -   ,
65300  Bank Service Charges, -   ,, -   ,, -   ,, -   ,, -   ,, -   ,, -   ,, -   ,, 35.00 ,, 35.00 ,, 35.02 ,, 41.00 ,, 146.02 ,, 41.00 ,, 41.00 ,, 152.00 ,, 41.00 ,, 43.95 ,, 49.95 ,, 43.95 ,, 43.95 ,, 43.95 ,, 43.95 ,, 43.95 ,, 43.95 ,, 632.60 ,, 37.95 ,, 35.00 ,, -   ,, -   ,, -   ,, -   ,, -   ,, -   ,, -   ,,,,,,,, 72.95 ,
65350  Charitable Contributions, -   ,, -   ,, -   ,, -   ,, -   ,, -   ,, -   ,, -   ,, -   ,, -   ,, -   ,, -   ,, -   ,, -   ,, -   ,, -   ,, -   ,, -   ,, -   ,, -   ,, -   ,, -   ,, -   ,, -   ,, -   ,, -   ,, -   ,, -   ,, -   ,, -   ,, -   ,, -   ,, -   ,, -   ,, -   ,,,,,,,, -   ,
65700  Business Licenses and Permits, -   ,, -   ,, -   ,, -   ,, -   ,, -   ,, -   ,, -   ,, -   ,, -   ,, -   ,, -   ,, -   ,, -   ,, 492.82 ,, -   ,, -   ,, 888.00 ,, 110.00 ,, -   ,, -   ,, -   ,, -   ,, -   ,, -   ,," 1,490.82 ",, -   ,, -   ,, -   ,, -   ,, -   ,, -   ,, -   ,, -   ,, -   ,,,,,,,, -   ,
66200  Telephone and Internet, -   ,, -   ,, -   ,, -   ,, -   ,, -   ,, -   ,, -   ,, -   ,, -   ,, -   ,, -   ,, -   ,, -   ,, -   ,, -   ,, -   ,, -   ,, -   ,, -   ,, -   ,, -   ,, -   ,, -   ,, -   ,, -   ,, -   ,, -   ,, -   ,, -   ,, -   ,, -   ,, -   ,, -   ,, -   ,,,,,,,, -   ,
65400  Continuing Education, -   ,, -   ,, -   ,, -   ,, -   ,, -   ,, -   ,, -   ,, -   ,, -   ,, -   ,, -   ,, -   ,, -   ,, -   ,, -   ,, -   ,, -   ,, 833.10 ,, 416.55 ,, -   ,, -   ,, -   ,, -   ,, -   ,," 1,249.65 ",, -   ,," 4,047.00 ",, -   ,, -   ,, -   ,, -   ,, -   ,, -   ,, -   ,,,,,,,," 4,047.00 ",
65500  Dues and Subscriptions, -   ,, -   ,, -   ,, -   ,, -   ,, -   ,, -   ,, -   ,, -   ,, -   ,, -   ,, -   ,, -   ,, -   ,, -   ,, -   ,, -   ,, -   ,, -   ,, -   ,, -   ,, -   ,, -   ,, -   ,, -   ,, -   ,, -   ,, -   ,, -   ,, -   ,, -   ,, -   ,, -   ,, -   ,, -   ,,,,,,,, -   ,
Insurance,,,,,,,,,,,,,,,,,,,,,,,,,,,,,,,,,,,,,,,,,,,,,,,,,,,,,,,,,,,,,,,,,,,,,,,,,,,,,,
65610  Health Insurance, -   ,, -   ,, -   ,, -   ,, -   ,, -   ,, -   ,, -   ,, -   ,, -   ,, -   ,, -   ,, -   ,, 174.29 ,, 257.47 ,, 256.23 ,, 256.23 ,, 256.23 ,, 256.23 ,, 256.23 ,, 256.23 ,, 256.23 ,, 256.23 ,, 256.23 ,, 256.23 ,," 2,994.06 ",, -   ,, -   ,, -   ,, -   ,, -   ,, -   ,, -   ,, -   ,, -   ,,,,,,,, -   ,
65620  Liability Insurance, -   ,, -   ,, -   ,, -   ,, -   ,, -   ,, -   ,, -   ,, -   ,, -   ,, -   ,, 186.58 ,, 186.58 ,," 2,746.60 ",, 810.00 ,," 2,670.60 ",, 886.00 ,, 810.00 ,," 2,670.60 ",, 864.00 ,, -   ,, -   ,," 1,110.00 ",, 823.00 ,, 823.00 ,," 14,213.80 ",, 3.48 ,, -   ,, -   ,, -   ,, -   ,, -   ,, -   ,, -   ,, -   ,,,,,,,, 3.48 ,
65630  Medical Malpractice, -   ,, -   ,, -   ,, -   ,, -   ,, -   ,, -   ,, -   ,, -   ,, -   ,, -   ,, 810.00 ,, 810.00 ,, -   ,, -   ,, -   ,, -   ,, -   ,, -   ,, -   ,, -   ,, -   ,, -   ,, -   ,, -   ,, -   ,, 943.00 ,, 823.00 ,, -   ,, -   ,, -   ,, -   ,, -   ,, -   ,, -   ,,,,,,,," 1,766.00 ",
Insurance - Other, -   ,, -   ,, -   ,, -   ,, -   ,, -   ,, -   ,, -   ,, -   ,, -   ,, -   ,, -   ,, -   ,, -   ,, -   ,, -   ,, -   ,, -   ,, -   ,, -   ,, -   ,, -   ,, -   ,, -   ,, -   ,, -   ,, -   ,, -   ,, -   ,, -   ,, -   ,, -   ,, -   ,, -   ,, -   ,,,,,,,, -   ,
Total Insurance, -   ,, -   ,, -   ,, -   ,, -   ,, -   ,, -   ,, -   ,, -   ,, -   ,, -   ,, 996.58 ,, 996.58 ,," 2,920.89 ",," 1,067.47 ",," 2,926.83 ",," 1,142.23 ",," 1,066.23 ",," 2,926.83 ",," 1,120.23 ",, 256.23 ,, 256.23 ,," 1,366.23 ",," 1,079.23 ",," 1,079.23 ",," 17,207.86 ",, 946.48 ,, 823.00 ,, -   ,, -   ,, -   ,, -   ,, -   ,, -   ,, -   ,,,,,,,," 1,769.48 ",
License and Fees, -   ,, -   ,, -   ,, -   ,, -   ,, -   ,, -   ,, -   ,, -   ,, -   ,, -   ,, -   ,, -   ,, -   ,, -   ,, -   ,, -   ,, -   ,, -   ,, -   ,, -   ,, -   ,, -   ,, -   ,, -   ,, -   ,, -   ,, -   ,, -   ,, -   ,, -   ,, -   ,, -   ,, -   ,, -   ,,,,,,,, -   ,
6380  License & Fee, -   ,, -   ,, -   ,, -   ,, -   ,, -   ,, -   ,, -   ,, -   ,, -   ,, -   ,, -   ,, -   ,, -   ,, -   ,, -   ,, -   ,, -   ,, -   ,, -   ,, -   ,, -   ,, -   ,, -   ,, -   ,, -   ,, -   ,, -   ,, -   ,, -   ,, -   ,, -   ,, -   ,, -   ,, -   ,,,,,,,, -   ,
66400  Legal Fees, -   ,, -   ,, -   ,, -   ,, -   ,, -   ,, -   ,, -   ,, -   ,, -   ,, -   ,, -   ,, -   ,, -   ,, -   ,, -   ,, -   ,, -   ,, -   ,, -   ,, -   ,, -   ,, -   ,, -   ,, -   ,, -   ,, -   ,, -   ,, -   ,, -   ,, -   ,, -   ,, -   ,, -   ,, -   ,,,,,,,, -   ,
66500  Linens and Cleaning, -   ,, -   ,, -   ,, -   ,, -   ,, -   ,, -   ,, -   ,, -   ,, -   ,, -   ,, -   ,, -   ,, -   ,, -   ,, -   ,, -   ,, -   ,, -   ,, -   ,, -   ,, -   ,, -   ,, -   ,, -   ,, -   ,, -   ,, -   ,, -   ,, -   ,, -   ,, -   ,, -   ,, -   ,, -   ,,,,,,,, -   ,
Meals and Entertainment,,,,,,,,,,,,,,,,,,,,,,,,,,,,,,,,,,,,,,,,,,,,,,,,,,,,,,,,,,,,,,,,,,,,,,,,,,,,, -   ,
64900  Office Supplies, -   ,, -   ,, -   ,, -   ,, -   ,, -   ,, -   ,, -   ,, -   ,, -   ,, -   ,, -   ,, -   ,, -   ,, -   ,, -   ,, -   ,, -   ,, -   ,, -   ,, -   ,, -   ,, -   ,, -   ,, -   ,, -   ,, -   ,, -   ,, -   ,, -   ,, -   ,, -   ,, -   ,, -   ,, -   ,,,,,,,, -   ,
66120  Marketing Gifts, -   ,, -   ,, -   ,, -   ,, -   ,, -   ,, -   ,, -   ,, -   ,, -   ,, -   ,, -   ,, -   ,, -   ,, -   ,, -   ,, -   ,, -   ,, -   ,, -   ,, -   ,, -   ,, -   ,, -   ,, -   ,, -   ,, -   ,, -   ,, -   ,, -   ,, -   ,, -   ,, -   ,, -   ,, -   ,,,,,,,, -   ,
66150  Employee meals on Premises, -   ,, -   ,, -   ,, -   ,, -   ,, -   ,, -   ,, -   ,, -   ,, -   ,, -   ,, -   ,, -   ,, -   ,, -   ,, -   ,, -   ,, -   ,, -   ,, -   ,, -   ,, -   ,, -   ,, -   ,, -   ,, -   ,, -   ,, -   ,, -   ,, -   ,, -   ,, -   ,, -   ,, -   ,, -   ,,,,,,,, -   ,
66110  Business Entertainment, -   ,, -   ,, -   ,, -   ,, -   ,, -   ,, -   ,, -   ,, -   ,, -   ,, -   ,, -   ,, -   ,, -   ,, -   ,, -   ,, -   ,, -   ,, -   ,, -   ,, -   ,, -   ,, -   ,, -   ,, -   ,, -   ,, -   ,, -   ,, -   ,, -   ,, -   ,, -   ,, -   ,, -   ,, -   ,,,,,,,, -   ,
66160  Travel Meals, -   ,, -   ,, -   ,, -   ,, -   ,, -   ,, -   ,, -   ,, -   ,, -   ,, -   ,, -   ,, -   ,, -   ,, -   ,, -   ,, -   ,, -   ,, -   ,, -   ,, -   ,, -   ,, -   ,, -   ,, -   ,, -   ,, -   ,, -   ,, -   ,, -   ,, -   ,, -   ,, -   ,, -   ,, -   ,,,,,,,, -   ,
66140  Office Snacks and Beverages, -   ,, -   ,, -   ,, -   ,, -   ,, -   ,, -   ,, -   ,, -   ,, -   ,, -   ,, -   ,, -   ,, -   ,, -   ,, -   ,, -   ,, -   ,, -   ,, -   ,, -   ,, -   ,, -   ,, -   ,, -   ,, -   ,, -   ,, -   ,, -   ,, -   ,, -   ,, -   ,, -   ,, -   ,, -   ,,,,,,,, -   ,
66140  Office Party, -   ,, -   ,, -   ,, -   ,, -   ,, -   ,, -   ,, -   ,, -   ,, -   ,, -   ,, -   ,, -   ,, -   ,, -   ,, -   ,, -   ,, -   ,, -   ,, -   ,, -   ,, -   ,, -   ,, -   ,, -   ,, -   ,, -   ,, -   ,, -   ,, -   ,, -   ,, -   ,, -   ,, -   ,, -   ,,,,,,,, -   ,
Meals and Entertainment - Other, -   ,, -   ,, -   ,, -   ,, -   ,, -   ,, -   ,, -   ,, -   ,, -   ,, -   ,, -   ,, -   ,, -   ,, -   ,, -   ,, -   ,, -   ,, -   ,, -   ,, -   ,, -   ,, -   ,, -   ,, -   ,, -   ,, -   ,, -   ,, -   ,, -   ,, -   ,, -   ,, -   ,, -   ,, -   ,,,,,,,, -   ,
Total Meals and Entertainment, -   ,, -   ,, -   ,, -   ,, -   ,, -   ,, -   ,, -   ,, -   ,, -   ,, -   ,, -   ,, -   ,, -   ,, -   ,, -   ,, -   ,, -   ,, -   ,, -   ,, -   ,, -   ,, -   ,, -   ,, -   ,, -   ,, -   ,, -   ,, -   ,, -   ,, -   ,, -   ,, -   ,, -   ,, -   ,,,,,,,, -   ,
66600  Moving Expense, -   ,, -   ,, -   ,, -   ,, -   ,, -   ,, -   ,, -   ,, -   ,, -   ,, -   ,, -   ,, -   ,, -   ,, -   ,, -   ,, -   ,, -   ,, -   ,, -   ,, -   ,, -   ,, -   ,, -   ,, -   ,, -   ,, -   ,, -   ,, -   ,, -   ,, -   ,, -   ,, -   ,, -   ,, -   ,,,,,,,, -   ,
66800  Office Expense, -   ,, -   ,, -   ,, -   ,, -   ,, -   ,, -   ,, -   ,, -   ,, -   ,, -   ,, -   ,, -   ,, -   ,, -   ,, -   ,, -   ,, -   ,, -   ,, -   ,, -   ,, -   ,, -   ,, -   ,, -   ,, -   ,, -   ,, -   ,, -   ,, -   ,, -   ,, -   ,, -   ,, -   ,, -   ,,,,,,,, -   ,
66900  Postage, -   ,, -   ,, -   ,, -   ,, -   ,, -   ,, -   ,, -   ,, -   ,, -   ,, -   ,, -   ,, -   ,, -   ,, -   ,, -   ,, -   ,, -   ,, -   ,, -   ,, -   ,, -   ,, -   ,, -   ,, -   ,, -   ,, -   ,, -   ,, -   ,, -   ,, -   ,, -   ,, -   ,, -   ,, -   ,,,,,,,, -   ,
Payroll,,,,,,,,,,,,,,,,,,,,,,,,,,,,,,,,,,,,,,,,,,,,,,,,,,,,,,,,,,,,,,,,,,,,,,,,,,,,,,
In Office Payroll,,,,,,,,,,,,,,,,,,,,,,,,,,,,,,,,,,,,,,,,,,,,,,,,,,,,,,,,,,,,,,,,,,,,,,,,,,,,,,
66051  Wages, -   ,, -   ,, -   ,, -   ,, -   ,, -   ,, -   ,, -   ,, -   ,, -   ,, -   ,, -   ,, -   ,, -   ,, -   ,, -   ,, -   ,, -   ,, -   ,, -   ,, -   ,, -   ,, -   ,, -   ,, -   ,, -   ,," 3,069.60 ",, -   ,, -   ,, -   ,, -   ,, -   ,, -   ,, -   ,, -   ,,,,,,,," 3,069.60 ",
66052  Bonus, -   ,, -   ,, -   ,, -   ,, -   ,, -   ,, -   ,, -   ,, -   ,, -   ,, -   ,, -   ,, -   ,, -   ,, -   ,, -   ,, -   ,, -   ,, -   ,, -   ,, -   ,, -   ,, -   ,, -   ,, -   ,, -   ,, -   ,, -   ,, -   ,, -   ,, -   ,, -   ,, -   ,, -   ,, -   ,,,,,,,, -   ,
66053  NP Extra Visits, -   ,, -   ,, -   ,, -   ,, -   ,, -   ,, -   ,, -   ,, -   ,, -   ,, -   ,, -   ,, -   ,, -   ,, -   ,, -   ,, -   ,, -   ,, -   ,, -   ,, -   ,, -   ,, -   ,, -   ,, -   ,, -   ,, -   ,, -   ,, -   ,, -   ,, -   ,, -   ,, -   ,, -   ,, -   ,,,,,,,, -   ,
66054  Telehealth, -   ,, -   ,, -   ,, -   ,, -   ,, -   ,, -   ,, -   ,, -   ,, -   ,, -   ,, -   ,, -   ,, -   ,, -   ,, -   ,, -   ,, -   ,, -   ,, -   ,, -   ,, -   ,, -   ,, -   ,, -   ,, -   ,, -   ,, -   ,, -   ,, -   ,, -   ,, -   ,, -   ,, -   ,, -   ,,,,,,,, -   ,
66055  Administration, -   ,, -   ,, -   ,, -   ,, -   ,, -   ,, -   ,, -   ,, -   ,, -   ,, -   ,, -   ,, -   ,, -   ,, -   ,, -   ,, -   ,, -   ,, -   ,, -   ,, -   ,, -   ,, -   ,, -   ,, -   ,, -   ,, -   ,, -   ,, -   ,, -   ,, -   ,, -   ,, -   ,, -   ,, -   ,,,,,,,, -   ,
66061  Payroll Taxes, -   ,, -   ,, -   ,, -   ,, -   ,, -   ,, -   ,, -   ,, -   ,, -   ,, -   ,, -   ,, -   ,, -   ,, -   ,, -   ,, -   ,, -   ,, -   ,, -   ,, -   ,, -   ,, -   ,, -   ,, -   ,, -   ,, -   ,, -   ,, -   ,, -   ,, -   ,, -   ,, -   ,, -   ,, -   ,,,,,,,, -   ,
66062  Unemployment, -   ,, -   ,, -   ,, -   ,, -   ,, -   ,, -   ,, -   ,, -   ,, -   ,, -   ,, -   ,, -   ,, -   ,, -   ,, -   ,, -   ,, -   ,, -   ,, -   ,, -   ,, -   ,, -   ,, -   ,, -   ,, -   ,, -   ,, -   ,, -   ,, -   ,, -   ,, -   ,, -   ,, -   ,, -   ,,,,,,,, -   ,
66071  Health Insurance, -   ,, -   ,, -   ,, -   ,, -   ,, -   ,, -   ,, -   ,, -   ,, -   ,, -   ,, -   ,, -   ,, -   ,, -   ,, -   ,, -   ,, -   ,, -   ,, -   ,, -   ,, -   ,, -   ,, -   ,, -   ,, -   ,, -   ,, -   ,, -   ,, -   ,, -   ,, -   ,, -   ,, -   ,, -   ,,,,,,,, -   ,
66072  Simple Plan Match, -   ,, -   ,, -   ,, -   ,, -   ,, -   ,, -   ,, -   ,, -   ,, -   ,, -   ,, -   ,, -   ,, -   ,, -   ,, -   ,, -   ,, -   ,, -   ,, -   ,, -   ,, -   ,, -   ,, -   ,, -   ,, -   ,, -   ,, -   ,, -   ,, -   ,, -   ,, -   ,, -   ,, -   ,, -   ,,,,,,,, -   ,
In Office Payroll - Other, -   ,, -   ,, -   ,, -   ,, -   ,, -   ,, -   ,, -   ,, -   ,, -   ,, -   ,, -   ,, -   ,, -   ,, -   ,, -   ,, -   ,, -   ,, -   ,, -   ,, -   ,, -   ,, -   ,, -   ,, -   ,, -   ,, -   ,, -   ,, -   ,, -   ,, -   ,, -   ,, -   ,, -   ,, -   ,,,,,,,, -   ,
Total In Office Payroll, -   ,, -   ,, -   ,, -   ,, -   ,, -   ,, -   ,, -   ,, -   ,, -   ,, -   ,, -   ,, -   ,, -   ,, -   ,, -   ,, -   ,, -   ,, -   ,, -   ,, -   ,, -   ,, -   ,, -   ,, -   ,, -   ,," 3,069.60 ",, -   ,, -   ,, -   ,, -   ,, -   ,, -   ,, -   ,, -   ,,,,,,,," 3,069.60 ",
Shared Payroll, -   ,, -   ,, -   ,, -   ,, -   ,, -   ,, -   ,, -   ,," 9,503.02 ",," 11,243.81 ",," 12,125.04 ",," 18,788.11 ",," 51,659.98 ",," 12,493.56 ",," 12,397.86 ",," 12,210.96 ",," 14,372.00 ",," 21,176.00 ",," 9,218.33 ",," 14,514.08 ",," 14,284.95 ",," 14,286.17 ",," 12,089.53 ",," 18,424.26 ",," 14,555.63 ",," 170,023.33 ",, -   ,, -   ,, -   ,, -   ,, -   ,, -   ,, -   ,, -   ,, -   ,,,,,,,,,
66030  Wages, -   ,, -   ,, -   ,, -   ,, -   ,, -   ,, -   ,, -   ,, -   ,, -   ,, -   ,, -   ,, -   ,, -   ,, -   ,, -   ,, -   ,, -   ,, -   ,, -   ,, -   ,, -   ,, -   ,, -   ,, -   ,, -   ,, -   ,, -   ,, -   ,, -   ,, -   ,, -   ,, -   ,, -   ,, -   ,,,,,,,, -   ,
66033  Payroll Tax, -   ,, -   ,, -   ,, -   ,, -   ,, -   ,, -   ,, -   ,, -   ,, -   ,, -   ,, -   ,, -   ,, -   ,, -   ,, -   ,, -   ,, -   ,, -   ,, -   ,, -   ,, -   ,, -   ,, -   ,, -   ,, -   ,, -   ,, -   ,, -   ,, -   ,, -   ,, -   ,, -   ,, -   ,, -   ,,,,,,,, -   ,
66031  Payroll Overhead, -   ,, -   ,, -   ,, -   ,, -   ,, -   ,, -   ,, -   ,, -   ,, -   ,, -   ,, -   ,, -   ,, -   ,, -   ,, -   ,, -   ,, -   ,, -   ,, -   ,, -   ,, -   ,, -   ,, -   ,, -   ,, -   ,, -   ,, -   ,, -   ,, -   ,, -   ,, -   ,, -   ,, -   ,, -   ,,,,,,,, -   ,
66032  Health Insurance, -   ,, -   ,, -   ,, -   ,, -   ,, -   ,, -   ,, -   ,, -   ,, -   ,, -   ,, -   ,, -   ,, -   ,, -   ,, -   ,, -   ,, -   ,, -   ,, -   ,, -   ,, -   ,, -   ,, -   ,, -   ,, -   ,, -   ,, -   ,, -   ,, -   ,, -   ,, -   ,, -   ,, -   ,, -   ,,,,,,,, -   ,
66038  Contract Labor, -   ,, -   ,, -   ,, -   ,, -   ,, -   ,, -   ,, -   ,, -   ,, -   ,, -   ,, -   ,, -   ,, -   ,, -   ,, -   ,, -   ,, -   ,, -   ,, -   ,, -   ,, -   ,, -   ,, -   ,, -   ,, -   ,, -   ,, -   ,, -   ,, -   ,, -   ,, -   ,, -   ,, -   ,, -   ,,,,,,,, -   ,
66039  Reimbursments, -   ,, -   ,, -   ,, -   ,, -   ,, -   ,, -   ,, -   ,, -   ,, -   ,, -   ,, -   ,, -   ,, -   ,, -   ,, -   ,, -   ,, -   ,, -   ,, -   ,, -   ,, -   ,, -   ,, -   ,, -   ,, -   ,, -   ,, -   ,, -   ,, -   ,, -   ,, -   ,, -   ,, -   ,, -   ,,,,,,,, -   ,
Total Shared Payroll, -   ,, -   ,, -   ,, -   ,, -   ,, -   ,, -   ,, -   ,," 9,503.02 ",," 11,243.81 ",," 12,125.04 ",," 18,788.11 ",," 51,659.98 ",," 12,493.56 ", -   ," 12,397.86 ", -   ," 12,210.96 ", -   ," 14,372.00 ", -   ," 21,176.00 ", -   ," 9,218.33 ", -   ," 14,514.08 ", -   ," 14,284.95 ", -   ," 14,286.17 ", -   ," 12,089.53 ", -   ," 18,424.26 ", -   ," 14,555.63 ", -   ," 170,023.33 ",, -   , -   , -   , -   , -   , -   , -   , -   , -   , -   , -   , -   , -   , -   , -   , -   , -   , -   ,, -   ,, -   ,, -   , -   ,
Physician Payroll,,,,,,,,,,,,,,,,,,,,,,,,,,,,,,,,,,,,,,,,,,,,,,,,,,,,,,,,,,,,,,,,,,,,,,,,,,,,,,
66010  Wages, -   ,, -   ,, -   ,, -   ,, -   ,, -   ,, -   ,, -   ,, -   ,, -   ,, -   ,, -   ,, -   ,," 15,000.00 ",," 15,000.00 ",," 15,000.00 ",," 15,000.00 ",," 7,500.00 ",," 22,500.00 ",," 7,500.00 ",," 5,000.00 ",," 11,500.00 ",," 6,000.00 ",," 12,000.00 ",," 4,000.00 ",," 136,000.00 ",, -   ,, -   ,, -   ,, -   ,, -   ,, -   ,, -   ,, -   ,, -   ,,,,,,,, -   ,
66011  Payroll Tax, -   ,, -   ,, -   ,, -   ,, -   ,, -   ,, -   ,, -   ,, -   ,, -   ,, -   ,, -   ,, -   ,, -   ,, -   ,, -   ,, -   ,, -   ,, -   ,, -   ,, -   ,, -   ,, -   ,, -   ,, -   ,, -   ,, -   ,, -   ,, -   ,, -   ,, -   ,, -   ,, -   ,, -   ,, -   ,,,,,,,, -   ,
66012  Provider Benefits, -   ,, -   ,, -   ,, -   ,, -   ,, -   ,, -   ,, -   ,, -   ,, -   ,, -   ,, -   ,, -   ,, -   ,, -   ,, -   ,, -   ,, -   ,, -   ,, -   ,, -   ,, -   ,, -   ,, -   ,, -   ,, -   ,, -   ,, -   ,, -   ,, -   ,, -   ,, -   ,, -   ,, -   ,, -   ,,,,,,,, -   ,
66075  Physician Bonus, -   ,, -   ,, -   ,, -   ,, -   ,, -   ,, -   ,, -   ,, -   ,, -   ,, -   ,, -   ,, -   ,, -   ,, -   ,, -   ,, -   ,, -   ,, -   ,, -   ,, -   ,, -   ,, -   ,, -   ,, -   ,, -   ,, -   ,, -   ,, -   ,, -   ,, -   ,, -   ,, -   ,, -   ,, -   ,,,,,,,, -   ,
Physician Payroll - Other, -   ,, -   ,, -   ,, -   ,, -   ,, -   ,, -   ,, -   ,, -   ,, -   ,, -   ,, -   ,, -   ,, -   ,, -   ,, -   ,, -   ,, -   ,, -   ,, -   ,, -   ,, -   ,, -   ,, -   ,, -   ,, -   ,, -   ,, -   ,, -   ,, -   ,, -   ,, -   ,, -   ,, -   ,, -   ,,,,,,,, -   ,
Total Physician Payroll, -   ,, -   ,, -   ,, -   ,, -   ,, -   ,, -   ,, -   ,, -   ,, -   ,, -   ,, -   ,, -   ,," 15,000.00 ",," 15,000.00 ",," 15,000.00 ",," 15,000.00 ",," 7,500.00 ",," 22,500.00 ",," 7,500.00 ",," 5,000.00 ",," 11,500.00 ",," 6,000.00 ",," 12,000.00 ",," 4,000.00 ",," 136,000.00 ",, -   ,, -   ,, -   ,, -   ,, -   ,, -   ,, -   ,, -   ,, -   ,,,,,,,, -   ,
Payroll - Other,,,,,,,,,,,,,,,,,,,,,,,,,,,,,,,,,,,,,,,,,,,,,,,,,,,,,,,,,,,,,,,,,,,,,,,,,,,,,,
66020  Salary - Other, -   ,, -   ,, -   ,, -   ,, -   ,, -   ,, -   ,, -   ,, -   ,, -   ,, -   ,, -   ,, -   ,, -   ,, -   ,, -   ,, -   ,, -   ,, -   ,, -   ,, -   ,, -   ,, -   ,, -   ,, -   ,, -   ,, -   ,, -   ,, -   ,, -   ,, -   ,, -   ,, -   ,, -   ,, -   ,,,,,,,, -   ,
Total Payroll, -   ,, -   ,, -   ,, -   ,, -   ,, -   ,, -   ,, -   ,," 9,503.02 ",," 11,243.81 ",," 12,125.04 ",," 18,788.11 ",," 51,659.98 ",," 27,493.56 ",," 27,397.86 ",," 27,210.96 ",," 29,372.00 ",," 28,676.00 ",," 31,718.33 ",," 22,014.08 ",," 19,284.95 ",," 25,786.17 ",," 18,089.53 ",," 30,424.26 ",," 18,555.63 ",," 306,023.33 ",," 3,069.60 ",, -   ,, -   ,, -   ,, -   ,, -   ,, -   ,, -   ,, -   ,,,,,,,," 3,069.60 ",
Pension Expense, -   ,, -   ,, -   ,, -   ,, -   ,, -   ,, -   ,, -   ,, -   ,, -   ,, -   ,, -   ,, -   ,, -   ,, -   ,, -   ,, -   ,, -   ,, -   ,, -   ,, -   ,, -   ,, -   ,, -   ,, -   ,, -   ,, -   ,, -   ,, -   ,, -   ,, -   ,, -   ,, -   ,, -   ,, -   ,,,,,,,, -   ,
65800  Payroll Processing Fees, -   ,, -   ,, -   ,, -   ,, -   ,, -   ,, -   ,, -   ,, -   ,, -   ,, 1.87 ,, -   ,, 1.87 ,, 98.25 ,, 5.61 ,, 5.61 ,, 5.61 ,, 3.74 ,, 5.61 ,, 1.87 ,, 3.74 ,, 3.74 ,, 1.87 ,, 3.74 ,, 1.87 ,, 141.26 ,, 572.57 ,, 1.87 ,, -   ,, -   ,, -   ,, -   ,, -   ,, -   ,, -   ,,,,,,,, 574.44 ,
67300  Printing, -   ,, -   ,, -   ,, -   ,, -   ,, -   ,, -   ,, -   ,, -   ,, -   ,, -   ,, -   ,, -   ,, -   ,, -   ,, -   ,, -   ,, -   ,, -   ,, -   ,, -   ,, -   ,, -   ,, -   ,, -   ,, -   ,, -   ,, -   ,, -   ,, -   ,, -   ,, -   ,, -   ,, -   ,, -   ,,,,,,,, -   ,
66700  Professional Fees, -   ,, -   ,, -   ,, -   ,, -   ,, -   ,, -   ,, -   ,, -   ,, -   ,," 3,596.96 ",," 2,862.02 ",," 6,458.98 ",," 2,776.40 ",," 2,688.42 ",," 2,688.42 ",," 2,763.42 ",," 2,788.39 ",," 2,936.16 ",," 2,765.70 ",," 2,688.42 ",," 2,763.42 ",," 2,746.72 ",," 2,917.58 ",," 2,771.46 ",," 33,294.51 ",, -   ,, 256.25 ,, -   ,, -   ,, -   ,, -   ,, -   ,, -   ,, -   ,,,,,,,, 256.25 ,
67100  Rent Expense, -   ,, -   ,, -   ,, -   ,, -   ,, -   ,, -   ,, -   ,, -   ,, -   ,, -   ,," 4,977.25 ",," 4,977.25 ",," 4,977.25 ",," 4,977.25 ",," 4,977.25 ",," 6,193.29 ",," 5,233.54 ",," 5,333.12 ",," 5,333.12 ",," 5,333.12 ",," 3,577.39 ",," 5,333.12 ",," 5,333.12 ",," 5,333.12 ",," 61,934.69 ",," 5,333.12 ",, -   ,, -   ,, -   ,, -   ,, -   ,, -   ,, -   ,, -   ,,,,,,,," 5,333.12 ",
67200  Repairs and Maintenance, -   ,, -   ,, -   ,, -   ,, -   ,, -   ,, -   ,, -   ,, -   ,, -   ,, -   ,, -   ,, -   ,, -   ,, -   ,, 340.00 ,, -   ,, -   ,, -   ,, -   ,, -   ,, -   ,, -   ,, -   ,, -   ,, 340.00 ,, -   ,, -   ,, -   ,, -   ,, -   ,, -   ,, -   ,, -   ,, -   ,,,,,,,, -   ,
67400  Security, -   ,, -   ,, -   ,, -   ,, -   ,, -   ,, -   ,, -   ,, -   ,, -   ,, -   ,, -   ,, -   ,, -   ,, -   ,, -   ,, -   ,, -   ,, -   ,, -   ,, -   ,, -   ,, -   ,, -   ,, -   ,, -   ,, -   ,, -   ,, -   ,, -   ,, -   ,, -   ,, -   ,, -   ,, -   ,,,,,,,, -   ,
67700  Small Medical Equipment, -   ,, -   ,, -   ,, -   ,, -   ,, -   ,, -   ,, -   ,, -   ,, -   ,, -   ,, -   ,, -   ,, -   ,, -   ,, -   ,, -   ,, -   ,, -   ,, -   ,, -   ,, -   ,, -   ,, -   ,, -   ,, -   ,, -   ,, -   ,, -   ,, -   ,, -   ,, -   ,, -   ,, -   ,, -   ,,,,,,,, -   ,
Taxes,,,,,,,,,,,,,,,,,,,,,,,,,,,,,,,,,,,,,,,,,,,,,,,,,,,,,,,,,,,,,,,,,,,,,,,,,,,,,,
68010  Personal Property Tax, -   ,, -   ,, -   ,, -   ,, -   ,, -   ,, -   ,, -   ,, -   ,, -   ,, -   ,, -   ,, -   ,, -   ,, -   ,, -   ,, -   ,, -   ,, -   ,, -   ,, -   ,, -   ,, -   ,, -   ,, -   ,, -   ,, -   ,, -   ,, -   ,, -   ,, -   ,, -   ,, -   ,, -   ,, -   ,,,,,,,, -   ,
68020  Franchise Tax, -   ,, -   ,, -   ,, -   ,, -   ,, -   ,, -   ,, -   ,, -   ,, -   ,, -   ,, -   ,, -   ,, -   ,, -   ,, -   ,, -   ,, -   ,, -   ,, -   ,, -   ,, -   ,, -   ,, -   ,, -   ,, -   ,, -   ,, -   ,, -   ,, -   ,, -   ,, -   ,, -   ,, -   ,, -   ,,,,,,,, -   ,
68000  Taxes - Other, -   ,, -   ,, -   ,, -   ,, -   ,, -   ,, -   ,, -   ,, -   ,, -   ,, -   ,, -   ,, -   ,, -   ,, -   ,, -   ,, -   ,, -   ,, -   ,, -   ,, -   ,, -   ,, -   ,, -   ,, -   ,, -   ,, -   ,, -   ,, -   ,, -   ,, -   ,, -   ,, -   ,, -   ,, -   ,,,,,,,, -   ,
Total 68000  Taxes, -   ,, -   ,, -   ,, -   ,, -   ,, -   ,, -   ,, -   ,, -   ,, -   ,, -   ,, -   ,, -   ,, -   ,, -   ,, -   ,, -   ,, -   ,, -   ,, -   ,, -   ,, -   ,, -   ,, -   ,, -   ,, -   ,, 50.00 ,, -   ,, -   ,, -   ,, -   ,, -   ,, -   ,, -   ,, -   ,,,,,,,, 50.00 ,
68100  Computer Expense, -   ,, -   ,, -   ,, -   ,, -   ,, -   ,, -   ,, -   ,, -   ,, -   ,, 428.29 ,, 187.51 ,, 615.80 ,, 190.78 ,, 190.78 ,, 190.78 ,, 190.78 ,, 190.78 ,, 190.78 ,, 190.78 ,, 228.97 ,, 230.90 ,, 230.90 ,, 230.90 ,, 223.61 ,," 2,480.74 ",, -   ,, -   ,, -   ,, -   ,, -   ,, -   ,, -   ,, -   ,, -   ,,,,,,,, -   ,
68400  Travel Expense, -   ,, -   ,, -   ,, -   ,, -   ,, -   ,, -   ,, -   ,, -   ,, -   ,, -   ,, -   ,, -   ,, -   ,, -   ,, -   ,, -   ,, -   ,, 866.90 ,, 433.45 ,, -   ,, -   ,, -   ,, -   ,, -   ,," 1,300.35 ",, -   ,," 1,276.60 ",, -   ,, -   ,, -   ,, -   ,, -   ,, -   ,, -   ,,,,,,,," 1,276.60 ",
68500  Uniforms, -   ,, -   ,, -   ,, -   ,, -   ,, -   ,, -   ,, -   ,, -   ,, -   ,, -   ,, -   ,, -   ,, -   ,, -   ,, -   ,, -   ,, -   ,, -   ,, -   ,, -   ,, -   ,, -   ,, -   ,, -   ,, -   ,, -   ,, -   ,, -   ,, -   ,, -   ,, -   ,, -   ,, -   ,, -   ,,,,,,,, -   ,
68700  Conference Fees, -   ,, -   ,, -   ,, -   ,, -   ,, -   ,, -   ,, -   ,, -   ,, -   ,, -   ,, -   ,, -   ,, -   ,, -   ,, -   ,, -   ,, -   ,, -   ,, -   ,, -   ,, -   ,, -   ,, -   ,, -   ,, -   ,, -   ,, -   ,, -   ,, -   ,, -   ,, -   ,, -   ,, -   ,, -   ,,,,,,,, -   ,
68600  Utilities, -   ,, -   ,, -   ,, -   ,, -   ,, -   ,, -   ,, -   ,, -   ,, -   ,, 10.83 ,, 545.12 ,, 555.95 ,, -   ,, 676.42 ,, 817.11 ,, 478.68 ,, 892.07 ,, -   ,," 1,062.74 ",, 521.79 ,, 591.49 ,, 392.10 ,, 355.60 ,, 475.32 ,," 6,263.32 ",, -   ,, -   ,, -   ,, -   ,, -   ,, -   ,, -   ,, -   ,, -   ,,,,,,,, -   ,
69900  Answering Service, -   ,, -   ,, -   ,, -   ,, -   ,, -   ,, -   ,, -   ,, -   ,, -   ,, -   ,, -   ,, -   ,, -   ,, -   ,, -   ,, -   ,, -   ,, -   ,, -   ,, -   ,, -   ,, -   ,, -   ,, -   ,, -   ,, -   ,, -   ,, -   ,, -   ,, -   ,, -   ,, -   ,, -   ,, -   ,,,,,,,, -   ,
70000 Miscellaneous, -   ,, -   ,, -   ,, -   ,, -   ,, -   ,, -   ,, -   ,, -   ,, -   ,, -   ,, -   ,, -   ,, -   ,, -   ,, -   ,, -   ,, -   ,, -   ,, -   ,, -   ,, -   ,, -   ,, -   ,, -   ,, -   ,, -   ,, -   ,, -   ,, -   ,, -   ,, -   ,, -   ,, -   ,, -   ,,,,,,,, -   ,
Total Expense, -   ,, -   ,, -   ,, -   ,, -   ,, -   ,, -   ,, -   ,," 9,538.02 ",," 11,278.81 ",," 17,059.06 ",," 29,268.64 ",," 67,144.53 ",," 39,368.53 ", -   ," 38,407.33 ", -   ," 40,222.91 ", -   ," 40,601.41 ", -   ," 41,197.34 ", -   ," 45,885.30 ", -   ," 33,796.87 ", -   ," 28,775.57 ", -   ," 33,667.69 ", -   ," 28,618.82 ", -   ," 40,815.58 ", -   ," 28,911.39 ", -   ," 440,268.74 ",," 10,009.72 ", -   ," 6,439.72 ", -   , -   , -   , -   , -   , -   , -   , -   , -   , -   , -   , -   , -   , -   , -   ,,,,,, -   ," 16,449.44 ",
Net Ordinary Income, -   ,, -   ,, -   ,, -   ,, -   ,, -   ,, -   ,, -   ,," (9,538.02)",," (11,278.81)",," 3,440.94 ",," (14,448.64)",," (31,824.53)",," (11,368.53)",," (10,007.33)",," (15,322.91)",," (12,601.41)",," (9,871.72)",," (17,885.30)",," (8,837.05)",," (1,975.57)",," (9,167.69)",," 2,381.18 ",," (17,815.58)",," (11,911.39)",," (124,383.30)",," (2,009.72)",," (6,439.72)",, -   ,, -   ,, -   ,, -   ,, -   ,, -   ,, -   ,,,,,,,," (8,449.44)",
Other Income/Expense,,,,,,,,,,,,,,,,,,,,,,,,,,,,,,,,,,,,,,,,,,,,,,,,,,,,,,,,,,,,,,,,,,,,,,,,,,,,,,
93000  Interest Income, -   ,, -   ,, -   ,, -   ,, -   ,, -   ,, -   ,, -   ,, -   ,, -   ,, -   ,, -   ,, -   ,, -   ,, -   ,, -   ,, -   ,, -   ,, -   ,, -   ,, -   ,, -   ,, -   ,, -   ,, -   ,, -   ,, -   ,, -   ,, -   ,, -   ,, -   ,, -   ,, -   ,, -   ,, -   ,,,,,,,, -   ,
Total Other Income, -   ,, -   ,, -   ,, -   ,, -   ,, -   ,, -   ,, -   ,, -   ,, -   ,, -   ,, -   ,, -   ,, -   ,, -   ,, -   ,, -   ,, -   ,, -   ,, -   ,, -   ,, -   ,, -   ,, -   ,, -   ,, -   ,, -   ,, -   ,, -   ,, -   ,, -   ,, -   ,, -   ,, -   ,, -   ,,,,,,,, -   ,
Other Expense,,,,,,,,,,,,,,,,,,,,,,,,,,,,,,,,,,,,,,,,,,,,,,,,,,,,,,,,,,,,,,,,,,,,,,,,,,,,,,
81100  APP Sweep, -   ,, -   ,, -   ,, -   ,, -   ,, -   ,, -   ,, -   ,, -   ,, -   ,, -   ,, -   ,, -   ,, -   ,, -   ,, -   ,, -   ,, -   ,, -   ,, -   ,, -   ,, -   ,, -   ,, -   ,, -   ,, -   ,, -   ,, -   ,, -   ,, -   ,, -   ,, -   ,, -   ,, -   ,, -   ,,,,,,,, -   ,
80500  Other Expenses, -   ,, -   ,, -   ,, -   ,, -   ,, -   ,, -   ,, -   ,, -   ,, -   ,, -   ,, -   ,, -   ,, -   ,, -   ,, -   ,, -   ,, -   ,, -   ,, -   ,, -   ,, -   ,, -   ,, -   ,, -   ,, -   ,, -   ,, -   ,, -   ,, -   ,, -   ,, -   ,, -   ,, -   ,, -   ,,,,,,,, -   ,
81000  APP Pearland Clearing, -   ,, -   ,, -   ,, -   ,, -   ,, -   ,, -   ,, -   ,, -   ,, -   ,, -   ,, -   ,, -   ,, -   ,, -   ,, -   ,, -   ,, -   ,, -   ,, -   ,, -   ,, -   ,, -   ,, -   ,, -   ,, -   ,, -   ,, -   ,, -   ,, -   ,, -   ,, -   ,, -   ,, -   ,, -   ,,,,,,,, -   ,
84000  Depreciation Expense, -   ,, -   ,, -   ,, -   ,, -   ,, -   ,, -   ,, -   ,, -   ,, -   ,, -   ,, -   ,, -   ,, -   ,, -   ,, -   ,, -   ,, -   ,, -   ,, -   ,, -   ,, -   ,, -   ,, -   ,, -   ,, -   ,, -   ,, -   ,, -   ,, -   ,, -   ,, -   ,, -   ,, -   ,, -   ,,,,,,,, -   ,
80000  Management Fee Paid, -   ,, -   ,, -   ,, -   ,, -   ,, -   ,, -   ,, -   ,," 3,700.00 ",, -   ,," 9,766.46 ",," 9,950.85 ",," 23,417.31 ",," 2,000.00 ",," 2,400.00 ",, (144.00),," 6,300.00 ",," 4,000.00 ",," 3,000.00 ",," 6,934.61 ",," 11,335.56 ",," 7,636.60 ",," 13,100.79 ",," 7,152.73 ",," 9,554.00 ",," 73,270.29 ",," 2,000.00 ",, -   ,, -   ,, -   ,, -   ,, -   ,, -   ,, -   ,, -   ,,,,,,,," 2,000.00 ",
83000  Ask My Accountant, -   ,, -   ,, -   ,, -   ,, -   ,, -   ,, -   ,, -   ,, -   ,, -   ,, -   ,, -   ,, -   ,, -   ,, -   ,, -   ,, -   ,, -   ,, -   ,, -   ,, -   ,, -   ,, -   ,, -   ,, -   ,, -   ,, -   ,, -   ,, -   ,, -   ,, -   ,, -   ,, -   ,, -   ,, -   ,,,,,,,, -   ,
85000  Interest Expense, -   ,, -   ,, -   ,, -   ,, -   ,, -   ,, -   ,, -   ,, -   ,, -   ,, -   ,, -   ,, -   ,, -   ,, -   ,, -   ,, -   ,, -   ,, -   ,, -   ,, -   ,, -   ,, -   ,, -   ,, -   ,, -   ,, -   ,, -   ,, -   ,, -   ,, -   ,, -   ,, -   ,, -   ,, -   ,,,,,,,, -   ,
89005  Corporate Admin Fee, -   ,, -   ,, -   ,, -   ,, -   ,, -   ,, -   ,, -   ,, -   ,, -   ,, -   ,, -   ,, -   ,, -   ,, -   ,, -   ,, -   ,, -   ,, -   ,, -   ,, -   ,, -   ,, -   ,, -   ,, -   ,, -   ,, -   ,, -   ,, -   ,, -   ,, -   ,, -   ,, -   ,, -   ,, -   ,,,,,,,, -   ,
90000 Nondeductible Expense, -   ,, -   ,, -   ,, -   ,, -   ,, -   ,, -   ,, -   ,, -   ,, -   ,, -   ,, -   ,, -   ,, -   ,, -   ,, -   ,, -   ,, -   ,, -   ,, -   ,, -   ,, -   ,, -   ,, -   ,, -   ,, -   ,, -   ,, -   ,, -   ,, -   ,, -   ,, -   ,, -   ,, -   ,, -   ,,,,,,,, -   ,
Total Other Expense, -   ,, -   ,, -   ,, -   ,, -   ,, -   ,, -   ,, -   ,," 3,700.00 ",, -   ,," 9,766.46 ",," 9,950.85 ",," 23,417.31 ",," 2,000.00 ",," 2,400.00 ",, (144.00),," 6,300.00 ",," 4,000.00 ",," 3,000.00 ",," 6,934.61 ",," 11,335.56 ",," 7,636.60 ",," 13,100.79 ",," 7,152.73 ",," 9,554.00 ",," 73,270.29 ",," 2,000.00 ",, -   ,, -   ,, -   ,, -   ,, -   ,, -   ,, -   ,, -   ,,,,,,,," 2,000.00 ",
Net Other Income, -   ,, -   ,, -   ,, -   ,, -   ,, -   ,, -   ,, -   ,," (3,700.00)",, -   ,," (9,766.46)",," (9,950.85)",," (23,417.31)",," (2,000.00)",," (2,400.00)",, 144.00 ,," (6,300.00)",," (4,000.00)",," (3,000.00)",," (6,934.61)",," (11,335.56)",," (7,636.60)",," (13,100.79)",," (7,152.73)",," (9,554.00)",," (73,270.29)",," (2,000.00)",, -   ,, -   ,, -   ,, -   ,, -   ,, -   ,, -   ,, -   ,,,,,,,," (2,000.00)",
Net Income, -   ,, -   ,, -   ,, -   ,, -   ,, -   ,, -   ,, -   ,," (13,238.02)",," (11,278.81)",," (6,325.52)",," (24,399.49)",," (55,241.84)",," (13,368.53)",," (12,407.33)",," (15,178.91)",," (18,901.41)",," (13,871.72)",," (20,885.30)",," (15,771.66)",," (13,311.13)",," (16,804.29)",," (10,719.61)",," (24,968.31)",," (21,465.39)",," (197,653.59)",," (4,009.72)",," (6,439.72)",, -   ,, -   ,, -   ,, -   ,, -   ,, -   ,, -   ,,,,,,,," (10,449.44)",
