American Pain Partners LLC - Pearland,,,,,,,,,,,,,,,,,,,,,,,,,,,,,,,,,,,,,,,,,,,,,,,,,,,,,,,,,,,,,,,,,,,,,,,,,,,,,,
Profit & Loss,,,,,,,,,,,,,,,,,,,,,,,,,,,,,,,,,,,,,,,,,,,,,,,,,,,,,,,,,,,,,,,,,,,,,,,,,,,,,,
January 2023 through September 2025,,,,,,,,,,,,,,,,,,,,,,,,,,,,,,,,,,,,,,,,,,,,,,,,,,,,,,,,,,,,,,,,,,,,,,,,,,,,,,
,Jan 23,,Feb 23,,Mar 23,,Apr 23,,May 23,,Jun 23,,Jul 23,,Aug 23,,Sep 23,,Oct 23,,Nov 23,,Dec 23,,TOTAL,,Jan 24,,Feb 24,,Mar 24,,Apr 24,,May 24,,Jun 24,,Jul 24,,Aug 24,,Sep 24,,Oct 24,,Nov 24,,Dec 24,,TOTAL,,Jan 25,,Feb 25,,Mar 25,,Apr 25,,May 25,,Jun 25,,Jul 25,,Aug 25,,Sep 25,,Oct 25,,Nov 25,,Dec 25,,TOTAL,
Ordinary Income/Expense,,,,,,,,,,,,,,,,,,,,,,,,,,,,,,,,,,,,,,,,,,,,,,,,,,,,,,,,,,,,,,,,,,,,,,,,,,,,,,
Income,,,,,,,,,,,,,,,,,,,,,,,,,,,,,,,,,,,,,,,,,,,,,,,,,,,,,,,,,,,,,,,,,,,,,,,,,,,,,,
40000  HD Research LLC Income, -   ,, -   ,, -   ,, -   ,, -   ,, -   ,, -   ,, -   ,, -   ,, -   ,, -   ,, -   ,, -   ,," 3,000.00 ",," 3,000.00 ",," 3,000.00 ",, -   ,, -   ,, -   ,, -   ,, -   ,, -   ,, -   ,, -   ,, -   ,," 9,000.00 ",,,,,,,,,,,,,,,,,,,,,,,,,, -   ,
41000  Personal Injury, -   ,, -   ,, -   ,, -   ,, -   ,, -   ,, -   ,, -   ,, -   ,," 27,500.00 ",," 7,750.00 ",," 20,400.00 ",," 55,650.00 ",," 13,500.00 ",," 11,100.00 ",," 19,500.00 ",," 16,100.00 ",," 16,900.00 ",," 15,200.00 ",," 10,100.00 ",," 22,386.00 ",," 13,250.00 ",," 10,300.00 ",, -   ,," 10,800.00 ",," 159,136.00 ",, 736.14 ,," 1,800.00 ",, -   ,, -   ,, -   ,, 450.00 ,, -   ,," 2,450.00 ",," 5,850.00 ",,,,,,,," 11,286.14 ",
43000  ACH Credit," 96,604.47 ",," 76,872.26 ",," 68,544.21 ",," 62,371.90 ",," 97,106.32 ",," 79,996.08 ",," 80,633.79 ",," 105,965.15 ",," 56,695.26 ",," 96,581.18 ",," 61,263.81 ",," 82,345.62 ",," 964,980.05 ",," 206,232.08 ",," 128,194.35 ",," 126,355.49 ",," 104,310.47 ",," 160,155.01 ",," 79,651.39 ",," 172,569.90 ",," 111,901.53 ",," 117,539.97 ",," 176,390.39 ",," 114,310.57 ",," 106,300.53 ",," 1,603,911.68 ",," 144,865.82 ",," 141,604.72 ",," 106,311.15 ",," 74,388.54 ",," 148,912.02 ",," 128,249.70 ",," 93,411.87 ",," 129,635.33 ",," 122,894.97 ",,,,,,,," 1,090,274.12 ",
42000  Nonmedical Income," 3,403.08 ",," 5,185.02 ",," 1,435.11 ",," 1,768.50 ",, -   ,, 138.12 ,," 4,638.72 ",," 2,651.92 ",," 1,032.85 ",," 1,173.64 ",," 1,395.54 ",," 1,594.99 ",," 24,417.49 ",," 1,257.65 ",," 2,407.56 ",," 1,651.43 ",," 1,756.75 ",," 2,363.59 ",," 2,347.42 ",," 1,557.17 ",," 24,170.28 ",, 899.33 ,," 1,431.74 ",," 3,862.65 ",, 933.95 ,," 44,639.52 ",," 3,545.16 ",," 3,162.22 ",," 1,941.22 ",," 1,252.74 ",, 304.73 ,, -   ,," 5,053.59 ",," 3,441.46 ",," 1,042.55 ",,,,,,,," 19,743.67 ",
44000  OTC Deposit," 59,937.46 ",," 62,664.79 ",," 34,480.77 ",," 70,012.52 ",," 48,729.35 ",," 53,028.54 ",," 60,651.07 ",," 64,749.22 ",," 34,734.38 ",," 21,095.85 ",," 20,026.74 ",," 37,754.75 ",," 567,865.44 ",," 1,922.18 ",, 799.10 ,," 1,273.26 ",," 1,117.52 ",, 673.51 ,, 480.88 ,, 958.32 ,," 1,801.34 ",," 1,072.38 ",," 10,319.96 ",, 921.78 ,, 788.73 ,," 22,128.96 ",," 1,105.25 ",, 538.00 ,," 12,829.10 ",," 70,842.93 ",," 26,611.97 ",," 17,812.64 ",," 31,859.93 ",," 24,748.87 ",," 18,128.99 ",,,,,,,," 204,477.68 ",
45000  Refunds," (3,882.17)",, -   ,, -   ,," (3,026.46)",," (1,591.34)",," (2,241.72)",," (2,241.72)",," (2,241.72)",, -   ,, -   ,, -   ,, -   ,," (15,225.13)",, -   ,, -   ,, -   ,," (2,033.35)",, -   ,, -   ,, -   ,, -   ,, -   ,, -   ,, -   ,, -   ,," (2,033.35)",, -   ,, -   ,, -   ,, -   ,, -   ,, -   ,, -   ,, -   ,, -   ,,,,,,,, -   ,
46000  Management Fee Income, -   ,, -   ,, -   ,, -   ,, -   ,, -   ,, -   ,, -   ,, -   ,, -   ,, -   ,, -   ,, -   ,, -   ,, -   ,, -   ,, -   ,, -   ,, -   ,, -   ,, -   ,, -   ,, -   ,, -   ,, -   ,, -   ,, -   ,, -   ,, -   ,, -   ,, -   ,, -   ,, -   ,, -   ,, -   ,,,,,,,, -   ,
Total Income," 156,062.84 ",," 144,722.07 ",," 104,460.09 ",," 131,126.46 ",," 144,244.33 ",," 130,921.02 ",," 143,681.86 ",," 171,124.57 ",," 92,462.49 ",," 146,350.67 ",," 90,436.09 ",," 142,095.36 ",," 1,597,687.85 ",," 225,911.91 ",," 145,501.01 ",," 151,780.18 ",," 121,251.39 ",," 180,092.11 ",," 97,679.69 ",," 185,185.39 ",," 160,259.15 ",," 132,761.68 ",," 198,442.09 ",," 119,095.00 ",," 118,823.21 ",," 1,836,782.81 ",," 150,252.37 ",," 147,104.94 ",," 121,081.47 ",," 146,484.21 ",," 175,828.72 ",," 146,512.34 ",," 130,325.39 ",," 160,275.66 ",," 147,916.51 ",,,,,,,," 1,325,781.61 ",
Cost of Goods Sold,,,,,,,,,,,,,,,,,,,,,,,,,,,,,,,,,,,,,,,,,,,,,,,,,,,,,,,,,,,,,,,,,,,,,,,,,,,,,,
51000  Consulting, -   ,, -   ,, -   ,, -   ,, -   ,, -   ,," 2,021.28 ",, -   ,, -   ,, -   ,, -   ,," 6,525.00 ",," 8,546.28 ",,,,,,,,,,,,,,,,,,,,,,,,,,,,,,,,,,,,,,,,,,,,,,,,,,,,,
52000  Medical Waste, -   ,, -   ,, -   ,, -   ,, -   ,, -   ,, -   ,, -   ,, -   ,, -   ,, -   ,, -   ,, -   ,, (396.12),, -   ,, -   ,, -   ,, -   ,, 99.64 ,, -   ,, 98.92 ,, 49.60 ,, 49.32 ,, 49.32 ,, 49.32 ,, -   ,, 49.32 ,, 49.32 ,, 49.32 ,, 49.32 ,, 105.54 ,, 133.02 ,, 52.53 ,, 53.07 ,, 53.07 ,,,,,,,, 594.51 ,
53000  Medical Billing, -   ,, -   ,, -   ,, -   ,, -   ,, -   ,, -   ,, -   ,, -   ,, -   ,, -   ,, -   ,, -   ,, (500.00),," 14,675.00 ",," 4,880.00 ",," 2,626.50 ",," 3,635.90 ",," 3,301.15 ",, -   ,, -   ,," 2,296.90 ",," 6,174.85 ",," 12,734.55 ",," 15,921.86 ",," 65,746.71 ",," 5,387.84 ",," 8,978.51 ",," 10,504.02 ",," 11,233.64 ",," 7,029.31 ",," 8,165.34 ",," 9,810.39 ",, 84.22 ,, -   ,,,,,,,," 61,193.27 ",
54000  Medical Supplies," 7,923.04 ",," 47,936.14 ",," 9,495.88 ",," 15,142.62 ",," 13,118.08 ",," 14,573.30 ",," 28,379.91 ",," 13,303.47 ",," 3,749.79 ",," 7,850.62 ",," 13,149.20 ",," 11,689.29 ",," 186,311.34 ",," (21,444.72)",," 16,647.37 ",," 11,215.33 ",," 23,276.65 ",," 21,170.89 ",," 7,558.88 ",," 13,647.61 ",," 17,225.28 ",," 10,104.92 ",," 7,967.62 ",," 6,558.49 ",," 16,720.88 ",," 130,649.20 ",," 8,214.78 ",," 5,437.21 ",," 9,060.11 ",," 16,885.78 ",," 23,192.38 ",," 28,025.30 ",," 19,878.21 ",," 33,649.42 ",," 25,992.22 ",,,,,,,," 170,335.41 ",
55000  Contract Labor, -   ,, -   ,, -   ,, 392.00 ,, 647.50 ,," 3,000.00 ",," 3,110.00 ",," 3,000.00 ",, -   ,," 6,480.00 ",," 5,610.00 ",," 24,750.00 ",," 46,989.50 ",," (12,149.20)",," 10,294.20 ",," 1,660.00 ",, -   ,, -   ,, 105.00 ,, -   ,, -   ,, -   ,, 90.00 ,, -   ,, -   ,, -   ,, -   ,, -   ,, -   ,, -   ,, 144.00 ,, -   ,, -   ,, -   ,, -   ,,,,,,,, 144.00 ,
56000  Merchant Fees, 746.25 ,," 1,047.47 ",, 925.77 ,, 933.26 ,, 622.44 ,," 1,065.80 ",, 903.14 ,," 1,341.18 ",, 751.58 ,, 608.38 ,, 531.26 ,, 596.36 ,," 10,072.89 ",, 677.84 ,," 1,443.47 ",, 946.78 ,, 835.85 ,, 944.77 ,, 752.07 ,, 124.47 ,, 877.40 ,," 1,561.98 ",, 905.83 ,," 1,171.02 ",, 121.60 ,," 10,363.08 ",, 872.68 ,," 1,246.08 ",," 1,653.04 ",," 1,322.30 ",," 1,130.74 ",," 1,793.86 ",, 953.20 ,," 1,001.67 ",," 1,274.43 ",,,,,,,," 11,248.00 ",
58000  Management Fees, -   ,, -   ,," 8,951.75 ",, -   ,," 13,984.20 ",," 9,435.00 ",," 8,975.00 ",, -   ,," 4,430.00 ",, -   ,, -   ,, -   ,," 45,775.95 ",, -   ,, -   ,, -   ,, -   ,, -   ,, -   ,, -   ,, -   ,, -   ,, -   ,, -   ,, -   ,, -   ,, -   ,, -   ,, -   ,, -   ,, -   ,, -   ,, -   ,, -   ,, -   ,,,,,,,, -   ,
64300 Medical Books and Research, -   ,, -   ,, -   ,, -   ,, 864.00 ,, -   ,," 2,332.00 ",, -   ,, -   ,, -   ,, -   ,, -   ,," 3,196.00 ",, -   ,, -   ,, -   ,, -   ,, -   ,, -   ,, -   ,, -   ,, -   ,, -   ,, -   ,, -   ,, -   ,, -   ,, -   ,, -   ,, -   ,, -   ,, -   ,, -   ,," 7,489.34 ",," 8,266.40 ",,,,,,,," 15,755.74 ",
68200 Laboratory Fees, -   ,, -   ,, -   ,, -   ,, -   ,, -   ,, -   ,, -   ,, -   ,, -   ,, -   ,, 324.72 ,, 324.72 ,, -   ,, -   ,, -   ,, -   ,, -   ,, -   ,, -   ,, -   ,, -   ,, -   ,, -   ,, -   ,, -   ,, -   ,, 854.95 ,, -   ,, -   ,, -   ,, -   ,, -   ,, 135.45 ,, 400.00 ,,,,,,,," 1,390.40 ",
Total COGS," 8,669.29 ",," 48,983.61 ",," 19,373.40 ",," 16,467.88 ",," 29,236.22 ",," 28,074.10 ",," 45,721.33 ",," 17,644.65 ",," 8,931.37 ",," 14,939.00 ",," 19,290.46 ",," 43,885.37 ",," 301,216.68 ",," (33,812.20)",," 43,060.04 ",," 18,702.11 ",," 26,739.00 ",," 25,751.56 ",," 11,816.74 ",," 13,772.08 ",," 18,201.60 ",," 14,013.40 ",," 15,187.62 ",," 20,513.38 ",," 32,813.66 ",," 206,758.99 ",," 14,524.62 ",," 16,566.07 ",," 21,266.49 ",," 29,491.04 ",," 31,601.97 ",," 38,117.52 ",," 30,694.33 ",," 42,413.17 ",," 35,986.12 ",,,,,,,," 260,661.33 ",
Gross Profit," 147,393.55 ",," 95,738.46 ",," 85,086.69 ",," 114,658.58 ",," 115,008.11 ",," 102,846.92 ",," 97,960.53 ",," 153,479.92 ",," 83,531.12 ",," 131,411.67 ",," 71,145.63 ",," 98,209.99 ",," 1,296,471.17 ",," 259,724.11 ",," 102,440.97 ",," 133,078.07 ",," 94,512.39 ",," 154,340.55 ",," 85,862.95 ",," 171,413.31 ",," 142,057.55 ",," 118,748.28 ",," 183,254.47 ",," 98,581.62 ",," 86,009.55 ",," 1,630,023.82 ",," 135,727.75 ",," 130,538.87 ",," 99,814.98 ",," 116,993.17 ",," 144,226.75 ",," 108,394.82 ",," 99,631.06 ",," 117,862.49 ",," 111,930.39 ",,,,,,,," 1,065,120.28 ",
Expense,,,,,,,,,,,,,,,,,,,,,,,,,,,,,,,,,,,,,,,,,,,,,,,,,,,,,,,,,,,,,,,,,,,,,,,,,,,,,,
67800  Recruiting, -   ,, -   ,, -   ,, -   ,, -   ,, -   ,, -   ,, -   ,, -   ,, -   ,, -   ,, -   ,, -   ,," 1,252.99 ",," 1,160.77 ",, 414.61 ,, 296.99 ,, 223.46 ,, 488.88 ,, 313.05 ,, 198.71 ,, 432.74 ,, 358.88 ,, 331.03 ,, 176.12 ,," 5,648.23 ",, 127.92 ,, 352.00 ,, 399.68 ,, 371.52 ,," 1,051.76 ",," 2,316.07 ",, 965.82 ,, 205.67 ,, 251.66 ,,,,,,,," 6,042.10 ",
67600  Oxygen and Gas, -   ,, -   ,, -   ,, -   ,, -   ,, -   ,, -   ,, -   ,, -   ,, -   ,, -   ,, -   ,, -   ,, 207.30 ,, -   ,, 299.80 ,, 164.60 ,, 56.60 ,, 182.60 ,, -   ,, 113.20 ,, -   ,, 113.20 ,, -   ,, 113.20 ,," 1,250.50 ",, -   ,, 271.20 ,, 104.60 ,, -   ,, -   ,, -   ,, -   ,, -   ,, -   ,,,,,,,, 375.80 ,
67900  Radiation Badges, -   ,, -   ,, -   ,, -   ,, -   ,, -   ,, -   ,, -   ,, -   ,, -   ,, -   ,, -   ,, -   ,, -   ,, -   ,, -   ,, -   ,, -   ,, -   ,, -   ,, -   ,, -   ,," 2,562.45 ",, -   ,, -   ,," 2,562.45 ",, -   ,, -   ,, -   ,, -   ,, -   ,, -   ,, -   ,, -   ,, -   ,,,,,,,, -   ,
67500  Equipment Rental, -   ,, -   ,, -   ,, -   ,, 636.81 ,," 1,726.41 ",, 657.87 ,, 775.75 ,, 593.65 ,, 603.87 ,, 626.35 ,, 764.33 ,," 6,385.04 ",, 610.21 ,, 686.16 ,, 654.77 ,, 659.87 ,, 638.65 ,, 687.95 ,, 635.71 ,, 634.38 ,, 640.24 ,, 641.08 ,, 632.92 ,," 1,147.64 ",," 8,269.58 ",, 999.16 ,, 966.20 ,," 1,176.04 ",," 1,047.68 ",, 766.04 ,, 819.74 ,," 2,108.35 ",, 672.45 ,, 624.17 ,,,,,,,," 9,179.83 ",
65100  Accounting," 1,760.00 ",," 1,187.95 ",, 20.00 ,, 875.00 ,," 1,161.52 ",, 690.00 ,," 1,040.00 ",, 770.00 ,," 1,355.00 ",, -   ,, 730.00 ,," 1,430.00 ",," 11,019.47 ",, -   ,," 2,250.00 ",," 1,365.00 ",," 1,385.00 ",, -   ,, -   ,," 4,160.77 ",, 980.00 ,," 2,580.00 ",, 605.00 ,," 1,095.00 ",," 1,610.17 ",," 16,030.94 ",, -   ,," 2,655.00 ",," 1,975.00 ",, 940.00 ,, 905.83 ,," 1,470.83 ",, 280.00 ,, 175.00 ,, 840.00 ,,,,,,,," 9,241.66 ",
Automobile Expense, -   ,, -   ,, -   ,, -   ,, -   ,, -   ,, -   ,, -   ,, -   ,, -   ,, -   ,, -   ,, -   ,, -   ,, -   ,, -   ,, -   ,, -   ,, -   ,, -   ,, -   ,, -   ,, -   ,, -   ,, -   ,, -   ,, -   ,, -   ,, -   ,, -   ,, -   ,, -   ,, -   ,, -   ,, -   ,,,,,,,, -   ,
65210  Gas, -   ,, 22.40 ,, -   ,, -   ,, -   ,, -   ,, -   ,, -   ,, -   ,, 10.48 ,, -   ,, -   ,, 32.88 ,, -   ,, -   ,, -   ,, -   ,, -   ,, -   ,, -   ,, -   ,, -   ,, -   ,, -   ,, -   ,, -   ,, -   ,, -   ,, -   ,, -   ,, -   ,, -   ,, -   ,, 58.61 ,, -   ,,,,,,,, 58.61 ,
65220  Parking, -   ,, 15.30 ,, -   ,, -   ,, -   ,, -   ,, -   ,, -   ,, -   ,, -   ,, -   ,, -   ,, 15.30 ,, -   ,, 62.39 ,, -   ,, -   ,, -   ,, -   ,, -   ,, -   ,, 75.00 ,, 3.00 ,, -   ,, -   ,, 140.39 ,, -   ,, -   ,, -   ,, 12.99 ,, -   ,, 0.05 ,, -   ,, -   ,, 12.41 ,,,,,,,, 25.45 ,
Automobile Expense - Other, -   ,, -   ,, -   ,, -   ,, -   ,, -   ,, -   ,, -   ,, -   ,, -   ,, -   ,, -   ,, -   ,, -   ,, -   ,, -   ,, -   ,, -   ,, -   ,, -   ,, -   ,, -   ,, 64.48 ,, -   ,, -   ,, 64.48 ,, -   ,, -   ,, -   ,, -   ,, -   ,, -   ,, -   ,, -   ,, -   ,,,,,,,, -   ,
Total Automobile Expense, -   ,, 37.70 ,, -   ,, -   ,, -   ,, -   ,, -   ,, -   ,, -   ,, 10.48 ,, -   ,, -   ,, 48.18 ,, -   ,, 62.39 ,, -   ,, -   ,, -   ,, -   ,, -   ,, -   ,, 75.00 ,, 67.48 ,, -   ,, -   ,, 204.87 ,, -   ,, -   ,, -   ,, 12.99 ,, -   ,, 0.05 ,, -   ,, 58.61 ,, 12.41 ,,,,,,,, 84.06 ,
65000  Advertising and Promotion," 3,941.87 ",," 3,797.00 ",," 4,244.72 ",," 4,554.13 ",," 3,891.87 ",," 3,891.87 ",," 3,891.87 ",," 3,797.00 ",," 3,891.87 ",," 3,891.87 ",," 4,091.87 ",," 3,916.87 ",," 47,802.81 ",," 3,986.74 ",," 4,041.87 ",," 3,891.87 ",," 3,891.87 ",," 3,891.87 ",," 3,891.87 ",," 3,891.87 ",," 3,891.87 ",," 3,891.87 ",," 3,891.87 ",," 3,891.87 ",," 4,790.87 ",," 47,846.31 ",," 2,992.87 ",," 4,014.18 ",," 4,461.11 ",," 3,911.06 ",," 3,911.06 ",," 3,930.25 ",," 4,037.49 ",," 4,139.08 ",," 3,911.06 ",,,,,,,," 35,308.16 ",
65300  Bank Service Charges, 26.87 ,, 15.77 ,, -   ,, 26.28 ,, 19.96 ,, 36.49 ,, 141.43 ,, 135.27 ,, 164.25 ,, 220.20 ,, 212.09 ,, 223.50 ,," 1,222.11 ",, 225.22 ,, 226.99 ,, 212.21 ,, 211.68 ,, 264.12 ,, 294.86 ,," 1,279.76 ",, 228.28 ,, 225.04 ,, 214.08 ,, 254.85 ,, 785.97 ,," 4,423.06 ",, 264.67 ,, 235.01 ,, 227.31 ,, 203.66 ,, 244.72 ,, 257.18 ,, 242.28 ,, 222.45 ,, 263.29 ,,,,,,,," 2,160.57 ",
65350  Charitable Contributions,,,,,,,,,,,,,,,,,,,,,,,,,,,,,,,,,,,,,,,,,,,,,,,,,,,,, -   ,, -   ,, -   ,, -   ,," 1,500.00 ",, -   ,, -   ,, -   ,, -   ,,,,,,,," 1,500.00 ",
65700  Business Licenses and Permits, -   ,, -   ,, 90.70 ,," 1,319.95 ",, -   ,, -   ,," 1,579.31 ",, 888.00 ,, -   ,, -   ,, -   ,, -   ,," 3,877.96 ",, 310.00 ,," 2,155.00 ",, -   ,," 2,948.00 ",, -   ,, -   ,, 967.00 ,," 2,211.00 ",, -   ,," 2,172.00 ",, -   ,, -   ,," 10,763.00 ",, -   ,, -   ,, -   ,, -   ,, -   ,, -   ,, 717.52 ,, -   ,," 1,350.00 ",,,,,,,," 2,067.52 ",
66200  Telephone and Internet," 4,815.57 ",, 388.51 ,, 624.67 ,, 413.95 ,," 1,531.42 ",, 672.00 ,, 160.98 ,, 9.27 ,, 16.84 ,, 445.36 ,, 229.86 ,, 18.41 ,," 9,326.84 ",, 430.23 ,," 3,394.28 ",, -   ,," 1,583.73 ",, 791.87 ,, 226.81 ,," 1,018.68 ",, 226.81 ,," 2,097.92 ",," 1,691.98 ",," 1,072.80 ",," 1,083.64 ",," 13,618.75 ",," 1,046.14 ",, 289.27 ,," 1,104.42 ",, 275.05 ,," 1,289.23 ",, 275.05 ,," 2,813.02 ",," 1,121.04 ",, 275.05 ,,,,,,,," 8,488.27 ",
65400  Continuing Education, -   ,, -   ,, -   ,, -   ,, -   ,, -   ,, -   ,, -   ,, -   ,, -   ,, -   ,," 2,045.00 ",," 2,045.00 ",, -   ,, 300.00 ,, -   ,, -   ,, -   ,, -   ,, -   ,, -   ,, -   ,, -   ,, -   ,, -   ,, 300.00 ,, -   ,, 139.00 ,, -   ,, -   ,, -   ,, -   ,, 995.00 ,, 277.62 ,, -   ,,,,,,,," 1,411.62 ",
65500  Dues and Subscriptions, 189.96 ,, 127.92 ,, -   ,, -   ,, -   ,, 7.57 ,, 102.57 ,, 7.57 ,, -   ,, 16.77 ,, 16.77 ,, 16.77 ,, 485.90 ,, 16.77 ,, 36.70 ,, 16.77 ,, 16.77 ,, 16.77 ,, -   ,, 111.77 ,, 33.54 ,, -   ,," 1,475.99 ",, 33.54 ,, 16.77 ,," 1,775.39 ",, 310.00 ,," 3,913.53 ",, 25.42 ,, 8.65 ,, 658.65 ,, 16.22 ,, 103.65 ,, 8.65 ,, 8.65 ,,,,,,,," 5,053.42 ",
Insurance," 4,339.46 ",," 4,978.66 ",, 35.27 ,, 507.59 ,," 5,811.33 ",, 261.33 ,," 4,576.78 ",, 220.00 ,, -   ,," 2,705.00 ",, 201.00 ,, 182.00 ,," 23,818.42 ",, -   ,, -   ,, -   ,, -   ,, -   ,, -   ,, -   ,, -   ,, -   ,, -   ,, -   ,, -   ,, -   ,, -   ,, -   ,, -   ,, -   ,, -   ,, -   ,, -   ,, -   ,, -   ,,,,,,,, -   ,
65610  Health Insurance, -   ,, -   ,, -   ,, -   ,, -   ,, -   ,, -   ,, -   ,, -   ,, -   ,, -   ,, -   ,, -   ,, -   ,, -   ,, -   ,, -   ,, -   ,, -   ,, -   ,, -   ,, -   ,, -   ,, -   ,, -   ,, -   ,, -   ,, -   ,, -   ,, 784.73 ,, -   ,, -   ,, -   ,, -   ,, -   ,,,,,,,, 784.73 ,
65620  Liability Insurance, -   ,, -   ,, -   ,, -   ,, -   ,, -   ,, -   ,, -   ,, -   ,, -   ,, -   ,, -   ,, -   ,, -   ,," 2,882.00 ",, -   ,, -   ,, -   ,, -   ,, -   ,, -   ,, -   ,, -   ,, -   ,, -   ,," 2,882.00 ",, -   ,," 3,929.67 ",," 3,354.00 ",, -   ,," 5,485.04 ",, -   ,," 2,516.42 ",," 3,299.00 ",," 1,244.89 ",,,,,,,," 19,829.02 ",
Insurance - Other, -   ,, -   ,, -   ,, -   ,, -   ,, -   ,, -   ,, -   ,, -   ,, -   ,, -   ,, -   ,, -   ,, -   ,, 816.00 ,, -   ,, -   ,, 683.00 ,, -   ,, -   ,, 653.00 ,, -   ,, -   ,, 761.54 ,, -   ,," 2,913.54 ",, 382.11 ,," 2,344.00 ",, -   ,, -   ,, -   ,, -   ,, -   ,, -   ,, -   ,,,,,,,," 2,726.11 ",
Total Insurance," 4,339.46 ",," 4,978.66 ",, 35.27 ,, 507.59 ,," 5,811.33 ",, 261.33 ,," 4,576.78 ",, 220.00 ,, -   ,," 2,705.00 ",, 201.00 ,, 182.00 ,," 23,818.42 ",, -   ,," 3,698.00 ",, -   ,, -   ,, 683.00 ,, -   ,, -   ,, 653.00 ,, -   ,, -   ,, 761.54 ,, -   ,," 5,795.54 ",, 382.11 ,," 6,273.67 ",," 3,354.00 ",, 784.73 ,," 5,485.04 ",, -   ,," 2,516.42 ",," 3,299.00 ",," 1,244.89 ",,,,,,,," 23,339.86 ",
License and Fees, -   ,," 1,027.00 ",, -   ,, -   ,, -   ,, -   ,, -   ,, -   ,, -   ,," 1,318.00 ",, -   ,, -   ,," 2,345.00 ",, -   ,, -   ,, -   ,, -   ,, -   ,, -   ,, -   ,, -   ,, -   ,, 550.00 ,, -   ,, -   ,, 550.00 ,, -   ,, -   ,, -   ,, -   ,, -   ,, -   ,, -   ,, -   ,, -   ,,,,,,,, -   ,
66400  Legal Fees, -   ,, -   ,, -   ,, -   ,, -   ,, -   ,, -   ,, -   ,, -   ,, -   ,, -   ,, -   ,, -   ,, -   ,, -   ,, -   ,, -   ,, -   ,, -   ,, -   ,, -   ,, -   ,, -   ,, -   ,, -   ,, -   ,, -   ,, -   ,, -   ,, -   ,, -   ,, -   ,, -   ,, -   ,," 1,200.00 ",,,,,,,," 1,200.00 ",
66500  Linens and Cleaning, -   ,, -   ,, -   ,, -   ,, -   ,, -   ,, -   ,, -   ,, -   ,, -   ,, -   ,, -   ,, -   ,, -   ,, 7.78 ,, -   ,, -   ,, -   ,, -   ,, -   ,, 7.92 ,, 12.24 ,, 148.01 ,, 7.92 ,, -   ,, 183.87 ,, -   ,, -   ,, 7.57 ,, -   ,, -   ,, -   ,, 7.57 ,, -   ,, 7.92 ,,,,,,,, 23.06 ,
Meals and Entertainment,,,,,,,,,,,,,,,,,,,,,,,,,,,,,,,,,,,,,,,,,,,,,,,,,,,,,,,,,,,,,,,,,,,,,,,,,,,,, -   ,
66120  Marketing Gifts, -   ,, -   ,, -   ,, -   ,, -   ,, -   ,, -   ,, -   ,, -   ,, -   ,, -   ,, -   ,, -   ,, -   ,, -   ,, -   ,, 346.50 ,, 225.36 ,, 150.95 ,, 36.55 ,, 121.38 ,, 225.60 ,, 177.42 ,, 517.00 ,, 34.83 ,," 1,835.59 ",, 45.95 ,, -   ,, 117.34 ,, 23.97 ,, 290.40 ,, -   ,, 124.80 ,, -   ,, 64.80 ,,,,,,,, 667.26 ,
66150  Employee meals on Premises, -   ,, -   ,, -   ,, -   ,, -   ,, -   ,, -   ,, -   ,, -   ,, -   ,, -   ,, -   ,, -   ,, -   ,, 25.11 ,, 110.56 ,, 32.00 ,, -   ,, 295.40 ,, -   ,, -   ,, 120.17 ,, 258.27 ,, 43.41 ,, 178.61 ,," 1,063.53 ",, -   ,, 52.82 ,, 36.37 ,, 127.54 ,, -   ,, 113.58 ,, 325.55 ,, -   ,, -   ,,,,,,,, 655.86 ,
66110  Business Entertainment, -   ,, -   ,, -   ,, -   ,, -   ,, -   ,, -   ,, -   ,, 16.77 ,, -   ,, -   ,, -   ,, 16.77 ,, -   ,, -   ,, 254.67 ,, -   ,, -   ,, -   ,, -   ,, -   ,, -   ,, -   ,, -   ,, 39.93 ,, 294.60 ,, -   ,, -   ,, -   ,, -   ,, -   ,, -   ,, -   ,, 75.90 ,, -   ,,,,,,,, 75.90 ,
66160  Travel Meals, -   ,, -   ,, -   ,, -   ,, -   ,, -   ,, -   ,, -   ,, -   ,, 76.95 ,, -   ,, -   ,, 76.95 ,, 72.81 ,, 147.72 ,, -   ,, -   ,, -   ,, -   ,, -   ,, -   ,, -   ,, -   ,, -   ,, -   ,, 220.53 ,, -   ,, -   ,, -   ,, 11.99 ,, -   ,, 523.75 ,, -   ,, 137.76 ,, 122.57 ,,,,,,,, 796.07 ,
66140  Office Snacks and Beverages, -   ,, -   ,, -   ,, -   ,, -   ,, -   ,, -   ,, -   ,, -   ,, 92.19 ,, 48.71 ,, 54.56 ,, 195.46 ,, 37.18 ,, -   ,, 56.71 ,, -   ,, -   ,, -   ,, 235.64 ,, -   ,, 199.65 ,, 132.69 ,, 156.59 ,, 95.80 ,, 914.26 ,, -   ,, 54.50 ,, 93.92 ,, 217.86 ,, 113.21 ,, 103.14 ,, 124.49 ,, 213.12 ,, 233.56 ,,,,,,,," 1,153.80 ",
66140  Office Party, -   ,, -   ,, -   ,, -   ,, -   ,, -   ,, -   ,, -   ,, -   ,, -   ,, -   ,, -   ,, -   ,, -   ,, -   ,, -   ,, -   ,, -   ,, -   ,, -   ,, -   ,, -   ,, -   ,, -   ,, -   ,, -   ,," 2,336.73 ",, -   ,, -   ,, -   ,, -   ,, -   ,, -   ,, -   ,, -   ,,,,,,,," 2,336.73 ",
Meals and Entertainment - Other, 109.33 ,, -   ,, 28.90 ,, -   ,, -   ,, -   ,, -   ,, -   ,, -   ,, -   ,, -   ,, -   ,, 138.23 ,, -   ,, -   ,, -   ,, -   ,, -   ,, -   ,, -   ,, -   ,, -   ,, -   ,, -   ,, -   ,, -   ,, -   ,, -   ,, -   ,, -   ,, -   ,, -   ,, -   ,, -   ,, -   ,,,,,,,, -   ,
Total Meals and Entertainment, 109.33 ,, -   ,, 28.90 ,, -   ,, -   ,, -   ,, -   ,, -   ,, 16.77 ,, 169.14 ,, 48.71 ,, 54.56 ,, 427.41 ,, 109.99 ,, 172.83 ,, 421.94 ,, 378.50 ,, 225.36 ,, 446.35 ,, 272.19 ,, 121.38 ,, 545.42 ,, 568.38 ,, 717.00 ,, 349.17 ,," 4,328.51 ",," 2,382.68 ",, 107.32 ,, 247.63 ,, 381.36 ,, 403.61 ,, 740.47 ,, 574.84 ,, 426.78 ,, 420.93 ,,,,,,,," 5,685.62 ",
66600  Moving Expense, -   ,, -   ,," 3,066.05 ",, -   ,, -   ,, -   ,, -   ,, -   ,, -   ,, -   ,, -   ,, -   ,," 3,066.05 ",, -   ,, -   ,, -   ,, -   ,, -   ,, -   ,, -   ,, -   ,, -   ,, -   ,, -   ,, -   ,, -   ,, -   ,, -   ,, -   ,, -   ,, -   ,, -   ,, -   ,, -   ,, -   ,,,,,,,,,
66800  Office Expense, 648.62 ,," 3,598.30 ",," 1,558.35 ",, 428.24 ,, 660.29 ,, 334.52 ,," 1,371.26 ",, 513.71 ,, 984.21 ,," 1,525.71 ",," 2,259.17 ",," 1,767.31 ",," 15,649.69 ",, 94.42 ,, 724.94 ,, 651.15 ,, 324.41 ,," 1,684.45 ",, 218.20 ,, 217.26 ,, 895.71 ,, 356.07 ,, 415.48 ,, 752.65 ,, 622.56 ,," 6,957.30 ",, 225.10 ,, 356.63 ,, 154.55 ,, 834.50 ,, 530.59 ,," 5,076.49 ",," 2,617.84 ",," 2,912.87 ",," 2,040.09 ",,,,,,,," 14,748.66 ",
66900  Postage, -   ,, -   ,, 22.53 ,, -   ,, -   ,, -   ,, 5.76 ,, -   ,, -   ,, -   ,, -   ,, -   ,, 28.29 ,, -   ,, -   ,, -   ,, 77.64 ,, 6.27 ,, -   ,, 4.61 ,, 9.68 ,, -   ,, 37.73 ,, -   ,, -   ,, 135.93 ,, -   ,, 32.63 ,, -   ,, 9.68 ,, -   ,, -   ,, -   ,, 4.14 ,, -   ,,,,,,,, 46.45 ,
Payroll,,,,,,,,,,,,,,,,,,,,,,,,,,,,,,,,,,,,,,,,,,,,,,,,,,,,,,,,,,,,,,,,,,,,,,,,,,,,, -   ,
Shared Payroll,,,,,,,,,,,,,,,,,,,,,,,,,,,,,,,,,,,,,,,,,,,,,,,,,,,,,,,,,,,,,,,,,,,,,,,,,,,,, -   ,
66030  Wages," 26,228.71 ",," 25,797.68 ",," 35,379.08 ",," 28,377.44 ",," 35,925.77 ",," 29,920.75 ",," 27,596.98 ",," 21,801.65 ",," 28,490.66 ",," 27,790.33 ",," 27,207.73 ",," 44,073.58 ",," 358,590.36 ",," 18,497.95 ",," 19,172.59 ",," 30,884.58 ",," 31,558.60 ",," 42,393.18 ",," 27,289.85 ",," 30,572.40 ",," 26,551.68 ",," 29,311.42 ",," 24,470.33 ",," 42,458.03 ",," 35,088.59 ",," 358,249.20 ",," 15,570.13 ",," 25,596.99 ",," 27,155.45 ",," 23,790.89 ",," 37,714.42 ",," 24,389.23 ",," 24,856.03 ",," 25,229.77 ",," 27,601.08 ",,,,,,,," 231,903.99 ",
66033  Payroll Tax, -   ,, -   ,, -   ,, -   ,, -   ,, -   ,, -   ,, -   ,," 1,897.08 ",," 2,098.87 ",," 2,053.06 ",," 3,321.54 ",," 9,370.55 ",," 2,480.58 ",," 2,535.76 ",," 3,577.98 ",," 3,215.90 ",," 3,944.63 ",," 2,644.98 ",," 2,973.67 ",," 2,405.76 ",," 2,554.65 ",," 1,852.30 ",," 3,216.79 ",," 2,662.35 ",," 34,065.35 ",," 1,330.97 ",," 2,122.38 ",," 2,180.56 ",," 1,865.56 ",," 2,876.84 ",," 1,874.14 ",," 1,907.78 ",," 1,943.80 ",," 2,131.56 ",,,,,,,," 18,233.59 ",
66031  Payroll Overhead, -   ,, -   ,, -   ,, -   ,, -   ,, -   ,, -   ,, -   ,, -   ,," 4,273.91 ",," 4,480.65 ",," 8,472.39 ",," 17,226.95 ",," 4,982.45 ",," 4,795.55 ",," 4,021.78 ",," 4,541.30 ",," 6,214.65 ",," 4,075.95 ",," 3,805.59 ",," 4,221.12 ",," 4,271.13 ",," 2,807.90 ",," 4,877.69 ",," 3,926.50 ",," 52,541.61 ",, -   ,, -   ,, -   ,, -   ,, -   ,, -   ,, -   ,, -   ,, -   ,,,,,,,, -   ,
66032  Health Insurance, -   ,, -   ,, -   ,, -   ,, -   ,, -   ,, -   ,, -   ,, -   ,, -   ,, -   ,, -   ,, -   ,, -   ,, -   ,, -   ,, -   ,, -   ,, -   ,, -   ,, -   ,, -   ,, -   ,, -   ,, -   ,, -   ,," 1,004.80 ",," 2,006.34 ",," 2,006.34 ",," 2,002.86 ",," 3,004.29 ",," 1,999.38 ",," 1,999.38 ",," 1,999.38 ",," 1,999.38 ",,,,,,,," 18,022.15 ",
Total Shared Payroll," 26,228.71 ",," 25,797.68 ",," 35,379.08 ",," 28,377.44 ",," 35,925.77 ",," 29,920.75 ",," 27,596.98 ",," 21,801.65 ",," 30,387.74 ",," 34,163.11 ",," 33,741.44 ",," 55,867.51 ",," 385,187.86 ",," 25,960.98 ",," 26,503.90 ",," 38,484.34 ",," 39,315.80 ",," 52,552.46 ",," 34,010.78 ",," 37,351.66 ",," 33,178.56 ",," 36,137.20 ",," 29,130.53 ",," 50,552.51 ",," 41,677.44 ",," 444,856.16 ",," 17,905.90 ",," 29,725.71 ",," 31,342.35 ",," 27,659.31 ",," 43,595.55 ",," 28,262.75 ",," 28,763.19 ",," 29,172.95 ",," 31,732.02 ",,,,,,,," 268,159.73 ",
Physician Payroll,,,,,,,,,,,,,,,,,,,,,,,,,,,,,,,,,,,,,,,,,,,,,,,,,,,,,,,,,,,,,,,,,,,,,,,,,,,,,,
66010  Wages," 85,000.00 ",, -   ,, -   ,," 449,298.52 ",, -   ,," 25,000.00 ",," 25,000.00 ",," 25,000.00 ",," 25,000.00 ",," 25,000.00 ",," 25,000.00 ",," 25,000.00 ",," 709,298.52 ",," 25,000.00 ",," 25,000.00 ",," 25,000.00 ",," 25,000.00 ",," 50,000.00 ",, -   ,," 25,000.00 ",," 50,396.80 ",, -   ,," 25,396.80 ",," 50,793.60 ",, -   ,," 301,587.20 ",," 50,793.60 ",," 25,396.80 ",," 25,396.80 ",," 25,396.80 ",," 25,396.80 ",," 25,396.80 ",," 25,396.80 ",," 25,396.80 ",," 25,396.80 ",,,,,,,," 253,968.00 ",
66011  Payroll Tax," 6,904.40 ",, -   ,, 641.50 ,," 11,483.23 ",, 306.00 ,, 362.50 ,, 362.50 ,, 362.50 ,, 362.50 ,, 362.50 ,, 362.50 ,, 362.50 ,," 21,872.63 ",," 1,977.00 ",," 1,848.00 ",," 2,197.50 ",," 1,912.50 ",," 3,825.00 ",, -   ,," 9,665.70 ",," (7,425.00)",," 8,375.00 ",, 362.50 ,," (7,650.00)",, -   ,," 15,088.20 ",," 3,889.50 ",," 1,912.50 ",," 1,912.50 ",," 1,912.50 ",," 1,912.50 ",," 1,912.50 ",, 430.70 ,, 362.50 ,, 362.50 ,,,,,,,," 14,607.70 ",
66012  Provider Benefits, -   ,, -   ,, -   ,, -   ,, -   ,, -   ,, -   ,, -   ,, -   ,, -   ,, -   ,, -   ,, -   ,, -   ,, -   ,, -   ,, -   ,, -   ,," 2,557.53 ",, -   ,," 5,115.06 ",," 2,557.53 ",," 2,557.53 ",," 2,557.53 ",," 1,948.70 ",," 17,293.88 ",," 1,517.20 ",," 2,477.17 ",," 2,095.06 ",," 2,095.06 ",," 1,712.95 ",," 2,477.17 ",," 1,712.95 ",," 2,477.17 ",," 2,095.06 ",,,,,,,," 18,659.79 ",
Total Physician Payroll," 91,904.40 ",, -   ,, 641.50 ,," 460,781.75 ",, 306.00 ,," 25,362.50 ",," 25,362.50 ",," 25,362.50 ",," 25,362.50 ",," 25,362.50 ",," 25,362.50 ",," 25,362.50 ",," 731,171.15 ",," 26,977.00 ",," 26,848.00 ",," 27,197.50 ",," 26,912.50 ",," 53,825.00 ",," 2,557.53 ",," 34,665.70 ",," 48,086.86 ",," 10,932.53 ",," 28,316.83 ",," 45,701.13 ",," 1,948.70 ",," 333,969.28 ",," 56,200.30 ",," 29,786.47 ",," 29,404.36 ",," 29,404.36 ",," 29,022.25 ",," 29,786.47 ",," 27,540.45 ",," 28,236.47 ",," 27,854.36 ",,,,,,,," 287,235.49 ",
Payroll - Other,,,,,,,,,,,,,,,,,,,,,,,,, -   ,, -   ,, -   ,, -   ,, -   ,, -   ,, -   ,, -   ,, -   ,, -   ,, -   ,, -   ,, 124.67 ,, 124.67 ,, 207.43 ,, -   ,, -   ,, -   ,, -   ,, -   ,, 130.90 ,, 130.90 ,, 130.90 ,,,,,,,, 600.13 ,
66020  Salary - Other," 4,000.00 ",, -   ,," 8,000.00 ",," 4,000.00 ",," 4,000.00 ",, -   ,, -   ,, -   ,, -   ,, -   ,, -   ,, -   ,," 20,000.00 ",, -   ,, -   ,, -   ,, -   ,, -   ,, -   ,, -   ,, -   ,, -   ,, -   ,, -   ,, -   ,, -   ,,,,,,,,,,,,,,,,,,,,,,,,,,,
Total Payroll," 122,133.11 ",," 25,797.68 ",," 44,020.58 ",," 493,159.19 ",," 40,231.77 ",," 55,283.25 ",," 52,959.48 ",," 47,164.15 ",," 55,750.24 ",," 59,525.61 ",," 59,103.94 ",," 81,230.01 ",," 1,136,359.01 ",," 52,937.98 ",," 53,351.90 ",," 65,681.84 ",," 66,228.30 ",," 106,377.46 ",," 36,568.31 ",," 72,017.36 ",," 81,265.42 ",," 47,069.73 ",," 57,447.36 ",," 96,253.64 ",," 43,750.81 ",," 778,950.11 ",," 74,313.63 ",," 59,512.18 ",," 60,746.71 ",," 57,063.67 ",," 72,617.80 ",," 58,049.22 ",," 56,434.54 ",," 57,540.32 ",," 59,717.28 ",,,,,,,," 555,995.35 ",
65800  Payroll Processing Fees, -   ,, 148.18 ,, -   ,, -   ,, 14.48 ,, 27.72 ,, 25.26 ,, 19.93 ,, 198.96 ,, (5.42),, -   ,, -   ,, 429.11 ,, -   ,, -   ,, (95.83),, 124.67 ,, 124.67 ,, -   ,, -   ,, 124.67 ,, 124.67 ,, 124.67 ,, 124.67 ,, -   ,, 652.19 ,, -   ,, 124.67 ,, 124.67 ,, 130.90 ,, 130.90 ,, 130.90 ,, -   ,, -   ,, -   ,,,,,,,, 642.04 ,
67300  Printing, -   ,, -   ,, -   ,, 204.58 ,, -   ,, -   ,, -   ,, -   ,, -   ,, -   ,, -   ,, -   ,, 204.58 ,, -   ,, 229.03 ,, -   ,, -   ,, -   ,, -   ,, -   ,, -   ,, -   ,, -   ,, -   ,, -   ,, 229.03 ,, -   ,, -   ,, -   ,, -   ,, -   ,, -   ,, -   ,, -   ,, -   ,,,,,,,, -   ,
66700  Professional Fees, -   ,, -   ,, -   ,, 828.18 ,, -   ,, -   ,, -   ,, -   ,, -   ,, -   ,, -   ,, -   ,, 828.18 ,, -   ,, -   ,, -   ,, -   ,, -   ,, -   ,, -   ,, -   ,, -   ,, -   ,," 2,950.00 ",, -   ,," 2,950.00 ",, -   ,, -   ,, -   ,, -   ,, -   ,, -   ,, -   ,, -   ,, -   ,,,,,,,, -   ,
67100  Rent Expense, -   ,," 11,904.30 ",," 9,920.25 ",," 17,758.08 ",," 9,920.25 ",," 9,920.25 ",," 9,920.25 ",," 10,429.40 ",," 9,920.25 ",," 9,920.25 ",," 9,920.25 ",," 9,920.25 ",," 119,453.78 ",," (24,136.58)",," 11,664.01 ",," 11,664.01 ",," 11,727.26 ",," 11,707.13 ",," 11,664.01 ",," 11,664.01 ",," 11,664.01 ",," 11,664.01 ",," 11,664.01 ",," 11,664.01 ",," 11,664.01 ",," 104,273.90 ",," 11,664.01 ",," 11,939.57 ",," 11,939.57 ",," 11,939.57 ",," 11,939.57 ",," 12,593.13 ",," 11,939.57 ",," 12,404.03 ",," 12,215.57 ",,,,,,,," 108,574.59 ",
67200  Repairs and Maintenance, 686.15 ,, -   ,, 555.00 ,, -   ,, -   ,, -   ,, -   ,, -   ,, -   ,, -   ,," 4,952.43 ",, -   ,," 6,193.58 ",, -   ,, -   ,, -   ,, -   ,, -   ,, -   ,, -   ,, -   ,," 3,056.75 ",, -   ,, -   ,, -   ,," 3,056.75 ",, -   ,, -   ,, -   ,, -   ,, -   ,, -   ,, -   ,, -   ,, -   ,,,,,,,, -   ,
67400  Security, 37.88 ,, -   ,, 797.87 ,, 37.88 ,, 37.88 ,, 37.88 ,, -   ,, 75.76 ,, 37.88 ,, 37.88 ,, 37.88 ,, 37.88 ,," 1,176.67 ",, 37.88 ,, 37.88 ,, 37.88 ,, 75.76 ,, 37.88 ,, -   ,, 37.88 ,, 37.88 ,, 37.88 ,, 37.88 ,, 75.76 ,, 37.88 ,, 492.44 ,, -   ,, 324.74 ,, -   ,, 37.88 ,, 37.88 ,, 37.88 ,, 37.88 ,, 37.88 ,, 37.88 ,,,,,,,, 552.02 ,
67700  Small Medical Equipment, -   ,, -   ,, -   ,, -   ,, -   ,, -   ,, -   ,, -   ,, -   ,, 114.00 ,, -   ,, -   ,, 114.00 ,, -   ,, -   ,," 1,900.00 ",, -   ,, -   ,, -   ,, -   ,, -   ,, 232.74 ,, -   ,, 593.99 ,, -   ,," 2,726.73 ",, -   ,, -   ,, -   ,, -   ,, -   ,, -   ,, -   ,, -   ,, -   ,,,,,,,, -   ,
68000  Taxes," 1,580.71 ",, -   ,, -   ,, -   ,, -   ,, -   ,, -   ,, -   ,, -   ,, -   ,, (12.06),, -   ,," 1,568.65 ",, -   ,, -   ,," 1,618.75 ",, -   ,, -   ,, 34.51 ,, -   ,, -   ,, -   ,, -   ,, -   ,," 1,452.95 ",," 3,106.21 ",, -   ,, -   ,, -   ,, -   ,, -   ,, -   ,, -   ,, -   ,, -   ,,,,,,,, -   ,
68100  Computer Expense, -   ,, -   ,, -   ,, -   ,, -   ,, -   ,, -   ,, -   ,, -   ,, -   ,, -   ,, -   ,, -   ,, 18.41 ,, 797.32 ,, 266.86 ,, 266.86 ,, 435.05 ,, 40.05 ,, 40.05 ,, 40.05 ,, 266.86 ,, 266.86 ,, 98.48 ,, 89.50 ,," 2,626.35 ",, 91.97 ,, 91.97 ,," 1,009.91 ",, 95.21 ,, 95.21 ,, 95.21 ,, 95.21 ,, 95.21 ,, 95.21 ,,,,,,,," 1,765.11 ",
68400  Travel Expense, -   ,, -   ,, -   ,, -   ,, -   ,, -   ,, -   ,, -   ,, -   ,, 700.36 ,," 1,044.08 ",, 482.49 ,," 2,226.93 ",, 347.26 ,," 1,094.72 ",, 119.09 ,, -   ,, 350.00 ,, -   ,, -   ,, -   ,, -   ,, -   ,, -   ,, 246.96 ,," 2,158.03 ",, -   ,, 97.90 ,, 11.79 ,, -   ,, -   ,, 364.94 ,, 325.91 ,, 41.16 ,," 1,520.00 ",,,,,,,," 2,361.70 ",
68500  Uniforms, -   ,, -   ,, -   ,, -   ,, -   ,, -   ,, -   ,, -   ,, -   ,, -   ,, -   ,, -   ,, -   ,, -   ,, -   ,, -   ,, -   ,, -   ,, -   ,, -   ,, -   ,, -   ,, 4.08 ,, -   ,, -   ,, 4.08 ,, -   ,, -   ,, -   ,, -   ,, -   ,, -   ,, -   ,, -   ,, -   ,,,,,,,, -   ,
68600  Utilities, -   ,, 317.21 ,, 426.95 ,, -   ,, 208.45 ,, -   ,, 437.00 ,, 208.45 ,, -   ,, -   ,, -   ,, -   ,," 1,598.06 ",, -   ,, -   ,, -   ,, -   ,, 400.00 ,, -   ,, -   ,, -   ,, -   ,, -   ,, -   ,, -   ,, 400.00 ,, -   ,, -   ,, -   ,, -   ,, -   ,, -   ,, -   ,, -   ,, -   ,,,,,,,, -   ,
Total Expense," 140,269.53 ",," 53,326.18 ",," 65,411.84 ",," 520,113.05 ",," 64,126.03 ",," 72,889.29 ",," 76,869.82 ",," 65,014.26 ",," 72,929.92 ",," 81,199.08 ",," 83,462.34 ",," 102,089.38 ",," 1,397,700.72 ",," 36,448.82 ",," 86,092.57 ",," 89,120.72 ",," 90,361.91 ",," 127,914.61 ",," 54,744.40 ",," 96,631.97 ",," 103,337.51 ",," 73,309.18 ",," 85,058.47 ",," 121,311.67 ",," 67,938.22 ",," 1,032,270.05 ",," 94,800.26 ",," 91,696.67 ",," 87,069.98 ",," 78,048.11 ",," 101,567.89 ",," 86,173.63 ",," 86,812.91 ",," 83,641.96 ",," 86,036.06 ",,,,,,,," 795,847.47 ",
Net Ordinary Income," 7,124.02 ",," 42,412.28 ",," 19,674.85 ",," (405,454.47)",," 50,882.08 ",," 29,957.63 ",," 21,090.71 ",," 88,465.66 ",," 10,601.20 ",," 50,212.59 ",," (12,316.71)",," (3,879.39)",," (101,229.55)",," 223,275.29 ",," 16,348.40 ",," 43,957.35 ",," 4,150.48 ",," 26,425.94 ",," 31,118.55 ",," 74,781.34 ",," 38,720.04 ",," 45,439.10 ",," 98,196.00 ",," (22,730.05)",," 18,071.33 ",," 597,753.77 ",," 40,927.49 ",," 38,842.20 ",," 12,745.00 ",," 38,945.06 ",," 42,658.86 ",," 22,221.19 ",," 12,818.15 ",," 34,220.53 ",," 25,894.33 ",,,,,,,," 269,272.81 ",
Other Income/Expense,,,,,,,,,,,,,,,,,,,,,,,,,,,,,,,,,,,,,,,,,,,,,,,,,,,,,,,,,,,,,,,,,,,,,,,,,,,,,,
93000  Interest Income, 168.75 ,, 119.74 ,, 78.18 ,, -   ,, -   ,, -   ,, -   ,, -   ,, -   ,, -   ,, -   ,, -   ,, 366.67 ,,,,,,,,,,,,,,,,,,,,,,,,,,,,,,,,,,,,,,,,,,,,,,,,,,,,,
Total Other Income, 168.75 ,, 119.74 ,, 78.18 ,, -   ,, -   ,, -   ,, -   ,, -   ,, -   ,, -   ,, -   ,, -   ,, 366.67 ,, -   ,, -   ,, -   ,, -   ,, -   ,, -   ,, -   ,, -   ,, -   ,, -   ,, -   ,, -   ,, -   ,, -   ,, -   ,, -   ,, -   ,, -   ,, -   ,, -   ,, -   ,, -   ,,,,,,,, -   ,
Other Expense,,,,,,,,,,,,,,,,,,,,,,,,,,,,,,,,,,,,,,,,,,,,,,,,,,,,,,,,,,,,,,,,,,,,,,,,,,,,,,
81100  APP Sweep, -   ,, -   ,, -   ,, -   ,, -   ,, -   ,, -   ,, -   ,, -   ,, -   ,, -   ,, -   ,, -   ,, -   ,, -   ,, -   ,, -   ,, -   ,, -   ,, -   ,, -   ,, -   ,, -   ,, -   ,, -   ,, -   ,, -   ,, -   ,, -   ,, -   ,, -   ,, -   ,, -   ,, -   ,, -   ,,,,,,,, -   ,
80500  Other Expenses, -   ,, -   ,, -   ,, -   ,, -   ,, -   ,, -   ,, -   ,, -   ,, -   ,, -   ,, -   ,, -   ,, -   ,, -   ,, -   ,, -   ,, -   ,, -   ,, -   ,, -   ,, -   ,, -   ,, -   ,, -   ,, -   ,, -   ,, -   ,, -   ,, -   ,, -   ,, -   ,, -   ,, -   ,, -   ,,,,,,,, -   ,
81000  APP Pearland Clearing, -   ,, -   ,, -   ,, -   ,, -   ,, -   ,, -   ,, -   ,, -   ,, -   ,, -   ,, -   ,, -   ,, -   ,, -   ,, -   ,, -   ,, -   ,, -   ,, -   ,, -   ,, -   ,, -   ,, -   ,, -   ,, -   ,, -   ,, -   ,, -   ,, -   ,, -   ,, -   ,, -   ,, -   ,, -   ,,,,,,,, -   ,
84000  Depreciation Expense, 155.83 ,, 155.83 ,, 155.83 ,, 155.83 ,, 155.83 ,, 155.83 ,, 155.83 ,, 155.83 ,, 155.83 ,, 155.83 ,, 155.83 ,, 155.83 ,," 1,870.00 ",, -   ,, -   ,, -   ,, -   ,, -   ,, -   ,, -   ,, -   ,, -   ,, -   ,, -   ,," 1,871.00 ",," 1,871.00 ",, -   ,, -   ,, -   ,, -   ,, -   ,, -   ,, -   ,, -   ,, -   ,,,,,,,, -   ,
80000  Management Fee Paid, -   ,, -   ,, -   ,, -   ,, -   ,, -   ,, -   ,, -   ,," 37,000.00 ",," 66,101.58 ",," 75,724.93 ",," 59,245.96 ",," 238,072.47 ",," 104,000.00 ",," 38,730.00 ",," 63,413.00 ",," 93,825.00 ",," 87,442.00 ",," 63,371.00 ",," 41,038.66 ",," 55,609.08 ",," 96,558.54 ",," 77,045.10 ",," 86,690.02 ",," 133,000.00 ",," 940,722.40 ",," 48,100.00 ",," 42,306.60 ",," 32,692.00 ",," 60,703.49 ",," 91,861.00 ",," 27,135.00 ",," 50,000.00 ",," 28,500.00 ",," 97,000.00 ",,,,,,,," 478,298.09 ",
85000  Interest Expense, -   ,, -   ,, -   ,, -   ,, -   ,, -   ,, -   ,, -   ,, -   ,, -   ,, -   ,, -   ,, -   ,, -   ,, -   ,, -   ,, -   ,, -   ,, 381.75 ,, 383.49 ,, 196.89 ,, -   ,, -   ,, -   ,, -   ,, 962.13 ,, -   ,, -   ,, 255.13 ,, 217.96 ,, -   ,, -   ,, -   ,, -   ,, -   ,,,,,,,, 473.09 ,
89005  Corporate Admin Fee, -   ,, -   ,, -   ,, -   ,, -   ,, -   ,, -   ,, -   ,, -   ,, -   ,, -   ,, -   ,, -   ,, -   ,, -   ,, -   ,, -   ,, -   ,, -   ,, -   ,, -   ,, -   ,, -   ,, -   ,, -   ,, -   ,, -   ,, -   ,," 7,328.35 ",," 6,036.25 ",," 5,000.00 ",," 6,700.00 ",," 6,887.00 ",, -   ,, -   ,,,,,,,," 31,951.60 ",
Total Other Expense, 155.83 ,, 155.83 ,, 155.83 ,, 155.83 ,, 155.83 ,, 155.83 ,, 155.83 ,, 155.83 ,," 37,155.83 ",," 66,257.41 ",," 75,880.76 ",," 59,401.79 ",," 239,942.47 ",," 104,000.00 ",," 38,730.00 ",," 63,413.00 ",," 93,825.00 ",," 87,442.00 ",," 63,752.75 ",," 41,422.15 ",," 55,805.97 ",," 96,558.54 ",," 77,045.10 ",," 86,690.02 ",," 134,871.00 ",," 943,555.53 ",," 48,100.00 ",," 42,306.60 ",," 40,275.48 ",," 66,957.70 ",," 96,861.00 ",," 33,835.00 ",," 56,887.00 ",," 28,500.00 ",," 97,000.00 ",,,,,,,," 510,722.78 ",
Net Other Income, 12.92 ,, (36.09),, (77.65),, (155.83),, (155.83),, (155.83),, (155.83),, (155.83),," (37,155.83)",," (66,257.41)",," (75,880.76)",," (59,401.79)",," (239,575.80)",," (104,000.00)",," (38,730.00)",," (63,413.00)",," (93,825.00)",," (87,442.00)",," (63,752.75)",," (41,422.15)",," (55,805.97)",," (96,558.54)",," (77,045.10)",," (86,690.02)",," (134,871.00)",," (943,555.53)",," (48,100.00)",," (42,306.60)",," (40,275.48)",," (66,957.70)",," (96,861.00)",," (33,835.00)",," (56,887.00)",," (28,500.00)",," (97,000.00)",,,,,,,," (510,722.78)",
Net Income," 7,136.94 ",," 42,376.19 ",," 19,597.20 ",," (405,610.30)",," 50,726.25 ",," 29,801.80 ",," 20,934.88 ",," 88,309.83 ",," (26,554.63)",," (16,044.82)",," (88,197.47)",," (63,281.18)",," (340,805.35)",," 119,275.29 ",," (22,381.60)",," (19,455.65)",," (89,674.52)",," (61,016.06)",," (32,634.20)",," 33,359.19 ",," (17,085.93)",," (51,119.44)",," 21,150.90 ",," (109,420.07)",," (116,799.67)",," (345,801.76)",," (7,172.51)",," (3,464.40)",," (27,530.48)",," (28,012.64)",," (54,202.14)",," (11,613.81)",," (44,068.85)",," 5,720.53 ",," (71,105.67)",,,,,,,," (241,449.97)",
