American Pain Partners LLC - Beaumont,,,,,,,,,,,,,,,,,,,,,,,,,,,,,,,,,,,,,,,,,,,,,,,,,,,,,,,,,,,,,,,,,,,,,,,,,,,,,,
Profit & Loss,,,,,,,,,,,,,,,,,,,,,,,,,,,,,,,,,,,,,,,,,,,,,,,,,,,,,,,,,,,,,,,,,,,,,,,,,,,,,,
January 2023 through September 2025,,,,,,,,,,,,,,,,,,,,,,,,,,,,,,,,,,,,,,,,,,,,,,,,,,,,,,,,,,,,,,,,,,,,,,,,,,,,,,
,Jan 23,,Feb 23,,Mar 23,,Apr 23,,May 23,,Jun 23,,Jul 23,,Aug 23,,Sep 23,,Oct 23,,Nov 23,,Dec 23,,TOTAL,,Jan 24,,Feb 24,,Mar 24,,Apr 24,,May 24,,Jun 24,,Jul 24,,Aug 24,,Sep 24,,Oct 24,,Nov 24,,Dec 24,,TOTAL,,Jan 25,,Feb 25,,Mar 25,,Apr 25,,May 25,,Jun 25,,Jul 25,,Aug 25,,Sep 25,,Oct 25,,Nov 25,,Dec 25,,TOTAL,
Ordinary Income/Expense,,,,,,,,,,,,,,,,,,,,,,,,,,,,,,,,,,,,,,,,,,,,,,,,,,,,,,,,,,,,,,,,,,,,,,,,,,,,,,
Income,,,,,,,,,,,,,,,,,,,,,,,,,,,,,,,,,,,,,,,,,,,,,,,,,,,,,,,,,,,,,,,,,,,,,,,,,,,,,,
40000  HD Research LLC Income, -   ,, -   ,, -   ,, -   ,, -   ,, -   ,, -   ,, -   ,, -   ,, -   ,, -   ,, -   ,, -   ,, -   ,, -   ,, -   ,, -   ,, -   ,, -   ,, -   ,, -   ,, -   ,, -   ,, -   ,, -   ,, -   ,, -   ,, -   ,, -   ,, -   ,, -   ,, -   ,, -   ,, -   ,, -   ,,,,,,,, -   ,
41000  Personal Injury, -   ,, -   ,, -   ,, -   ,, -   ,, -   ,, -   ,, -   ,, -   ,, -   ,, -   ,, -   ,, -   ,, -   ,, -   ,, -   ,, -   ,, -   ,, -   ,, -   ,, -   ,, -   ,, -   ,, -   ,, -   ,, -   ,, -   ,, -   ,, -   ,, -   ,, -   ,, -   ,, -   ,, -   ,, -   ,,,,,,,, -   ,
43000  ACH Credit, -   ,, -   ,, -   ,, -   ,, -   ,, -   ,, -   ,, -   ,, -   ,, -   ,, -   ,, -   ,, -   ,, -   ,, -   ,, -   ,, -   ,, -   ,, -   ,, -   ,, -   ,, -   ,, -   ,, -   ,, -   ,, -   ,, -   ,, -   ,, -   ,, -   ,, -   ,, -   ,, -   ,, -   ,, -   ,,,,,,,, -   ,
42000  Nonmedical Income, -   ,, -   ,, -   ,, -   ,, -   ,, -   ,, -   ,, -   ,, -   ,, -   ,, -   ,, -   ,, -   ,, -   ,, -   ,, -   ,, -   ,, -   ,, -   ,, 19.35 ,, 19.35 ,, 19.35 ,, 19.35 ,, 19.35 ,, 19.35 ,, 116.10 ,, 19.35 ,, 19.35 ,, 19.35 ,, 19.35 ,, 19.35 ,, 19.35 ,, 21.97 ,, 21.97 ,, 21.97 ,,,,,,,, 182.01 ,
44000  OTC Deposit, -   ,, -   ,, -   ,, -   ,, -   ,, -   ,, -   ,, -   ,, -   ,, -   ,, -   ,, -   ,, -   ,, -   ,, -   ,, -   ,, -   ,, -   ,, -   ,, -   ,, -   ,, -   ,, -   ,, -   ,, -   ,, -   ,, -   ,, -   ,, -   ,, -   ,, -   ,, -   ,, -   ,, -   ,, -   ,,,,,,,, -   ,
44500  Practice Income," 402,394.31 ",," 397,715.08 ",," 468,569.55 ",," 367,462.27 ",," 470,937.06 ",," 430,785.80 ",," 371,846.32 ",," 508,844.54 ",," 509,796.85 ",," 467,640.73 ",," 532,466.84 ",," 532,135.74 ",," 5,460,595.09 ",," 552,359.25 ",," 473,656.84 ",," 304,426.17 ",," 646,961.72 ",," 584,320.42 ",," 486,325.15 ",," 653,400.18 ",," 581,872.61 ",," 507,879.53 ",," 660,786.58 ",," 506,862.24 ",," 574,950.01 ",," 6,533,800.70 ",," 508,200.20 ",," 499,171.24 ",," 516,824.09 ",," 604,019.18 ",," 574,546.80 ",," 530,775.91 ",," 629,459.94 ",," 539,806.83 ",," 543,437.39 ",,,,,,,," 4,946,241.58 ",
45000  Refunds, (224.37),, (82.34),, (462.60),, (529.32),, (856.22),, (763.77),, -   ,, (987.83),, (458.23),," (2,166.12)",, (357.67),, (180.02),," (7,068.49)",, (389.94),, (270.89),, (628.42),, (423.73),, (200.00),," (1,053.10)",, (918.40),," (1,279.05)",, (478.05),, (819.23),, (601.20),, (260.22),," (7,322.23)",, (919.89),," (1,415.60)",, (561.92),," (1,423.40)",, (626.54),," (1,981.96)",, (521.46),, (532.79),, (382.47),,,,,,,," (8,366.03)",
46000  Management Fee Income," 27,100.00 ",," 27,100.00 ",," 27,100.00 ",," 27,100.00 ",," 27,100.00 ",," 27,100.00 ",," 27,100.00 ",," 27,100.00 ",," 27,100.00 ",," 27,100.00 ",," 27,100.00 ",," 27,100.00 ",," 325,200.00 ",," 27,100.00 ",," 27,100.00 ",," 27,100.00 ",," 27,100.00 ",," 27,100.00 ",," 27,100.00 ",," 27,100.00 ",," 27,100.00 ",," 27,100.00 ",," 27,100.00 ",," 27,100.00 ",," 27,100.00 ",," 325,200.00 ",," 27,100.00 ",," 27,100.00 ",," 27,100.00 ",," 27,100.00 ",," 27,100.00 ",," 27,100.00 ",," 27,100.00 ",," 27,100.00 ",," 27,100.00 ",,,,,,,," 243,900.00 ",
Total Income," 429,269.94 ",," 424,732.74 ",," 495,206.95 ",," 394,032.95 ",," 497,180.84 ",," 457,122.03 ",," 398,946.32 ",," 534,956.71 ",," 536,438.62 ",," 492,574.61 ",," 559,209.17 ",," 559,055.72 ",," 5,778,726.60 ",," 579,069.31 ",," 500,485.95 ",," 330,897.75 ",," 673,637.99 ",," 611,220.42 ",," 512,372.05 ",," 679,601.13 ",," 607,712.91 ",," 534,520.83 ",," 687,086.70 ",," 533,380.39 ",," 601,809.14 ",," 6,851,794.57 ",," 534,399.66 ",," 524,874.99 ",," 543,381.52 ",," 629,715.13 ",," 601,039.61 ",," 555,913.30 ",," 656,060.45 ",," 566,396.01 ",," 570,176.89 ",,,,,,,," 5,181,957.56 ",
Cost of Goods Sold,,,,,,,,,,,,,,,,,,,,,,,,,,,,,,,,,,,,,,,,,,,,,,,,,,,,,,,,,,,,,,,,,,,,,,,,,,,,,,
51000  Consulting, -   ,, -   ,, -   ,, -   ,, -   ,, -   ,, -   ,, -   ,, -   ,, -   ,, -   ,, -   ,, -   ,, -   ,, -   ,, -   ,, -   ,, -   ,, -   ,, -   ,, -   ,, -   ,, -   ,, -   ,, -   ,, -   ,, -   ,, -   ,, -   ,, -   ,, -   ,, -   ,, -   ,, -   ,, -   ,,,,,,,, -   ,
52000  Medical Waste, -   ,, -   ,, -   ,, -   ,, -   ,, -   ,, -   ,, -   ,, -   ,, -   ,, -   ,, -   ,, -   ,, -   ,, -   ,, -   ,, -   ,, -   ,, -   ,, -   ,, -   ,, -   ,, -   ,, -   ,, -   ,, -   ,, -   ,, -   ,, -   ,, -   ,, -   ,, -   ,, -   ,, -   ,, -   ,,,,,,,, -   ,
53000  Medical Billing, 994.79 ,, 968.58 ,, 879.07 ,, 717.21 ,, 754.47 ,, 714.54 ,," 3,523.97 ",," 1,560.51 ",, 714.54 ,, 794.41 ,, 794.49 ,, 794.48 ,," 13,211.06 ",," 1,581.91 ",, 125.04 ,, 127.01 ,," 2,277.22 ",," 1,520.90 ",," 2,539.78 ",," 1,764.95 ",, 999.11 ,," 1,318.17 ",," 1,044.15 ",," 1,435.24 ",," 1,104.49 ",," 15,837.97 ",, 998.45 ,," 1,078.67 ",," 1,355.85 ",, 914.44 ,, 916.64 ,," 1,929.39 ",, 955.03 ,," 3,061.06 ",, 942.68 ,,,,,,,," 12,152.21 ",
54000  Medical Supplies," 1,797.95 ",," 4,591.28 ",," 4,481.98 ",," 5,087.21 ",," 4,106.71 ",," 6,515.30 ",," 5,153.78 ",," 3,475.85 ",," 3,325.96 ",," 8,969.52 ",," 4,781.85 ",," 3,674.78 ",," 55,962.17 ",," 4,831.53 ",," 3,846.36 ",," 3,518.19 ",," 5,900.62 ",," 2,471.74 ",," 2,394.54 ",," 4,678.10 ",," 3,096.89 ",," 6,104.74 ",," 3,774.10 ",," 4,660.89 ",," 8,332.98 ",," 53,610.68 ",, -   ,," 5,017.28 ",," 5,292.47 ",," 2,670.54 ",," 1,712.99 ",," 7,162.75 ",," 3,749.13 ",," 4,566.75 ",," 4,562.19 ",,,,,,,," 34,734.10 ",
55000  Contract Labor," 7,043.65 ",," 7,179.15 ",," 10,467.00 ",," 7,225.06 ",," 7,208.13 ",," 7,253.94 ",," 7,280.98 ",," 7,669.84 ",," 10,628.94 ",," 7,359.01 ",," 7,352.10 ",," 7,770.20 ",," 94,438.00 ",," 7,785.16 ",," 7,560.46 ",," 10,987.13 ",," 7,639.33 ",," 7,709.23 ",," 7,769.21 ",," 8,192.24 ",," 10,971.66 ",," 4,352.47 ",," 1,066.28 ",," 1,101.81 ",," 1,264.78 ",," 76,399.76 ",," 1,561.20 ",," 1,029.45 ",," 1,062.22 ",," 1,035.25 ",, 984.42 ,," 1,018.57 ",," 1,570.08 ",," 1,004.48 ",, 954.61 ,,,,,,,," 10,220.28 ",
56000  Merchant Fees, -   ,, -   ,, -   ,, -   ,, -   ,, -   ,, -   ,, -   ,, -   ,, -   ,, -   ,, -   ,, -   ,, -   ,, -   ,, -   ,, -   ,, -   ,, -   ,, -   ,, -   ,, -   ,, -   ,, -   ,, -   ,, -   ,, 288.53 ,, 90.51 ,, 91.99 ,, 90.16 ,, 90.07 ,, 90.10 ,, 120.41 ,, 120.32 ,, 120.44 ,,,,,,,," 1,102.53 ",
57000  Patience Expense," 5,687.75 ",," 4,619.00 ",," 5,006.04 ",," 4,718.75 ",," 5,889.15 ",," 4,714.84 ",," 4,560.85 ",," 5,881.84 ",," 4,809.00 ",," 6,113.33 ",," 4,723.25 ",," 4,964.38 ",," 61,688.18 ",," 5,600.25 ",," 4,283.74 ",," 5,288.14 ",," 6,067.98 ",," 4,875.73 ",," 4,780.73 ",," 6,006.23 ",," 5,041.98 ",," 4,913.73 ",," 6,129.73 ",," 4,861.48 ",," 6,197.86 ",," 64,047.58 ",," 4,730.19 ",," 5,015.95 ",," 4,765.34 ",," 6,073.49 ",," 4,966.74 ",," 5,175.51 ",," 6,135.24 ",," 4,923.99 ",," 6,173.24 ",,,,,,,," 47,959.69 ",
57500  Chronic Care Management, -   ,, -   ,, -   ,, -   ,, -   ,, -   ,, -   ,, -   ,, -   ,, -   ,, -   ,, -   ,, -   ,, -   ,, -   ,, -   ,, -   ,, -   ,, -   ,, -   ,, -   ,, -   ,, -   ,, -   ,, -   ,, -   ,, -   ,, -   ,, -   ,, -   ,, -   ,, -   ,," 19,856.00 ",," 18,242.00 ",, -   ,,,,,,,," 38,098.00 ",
58000  Management Fees, -   ,, -   ,, -   ,, -   ,, -   ,, -   ,, -   ,, -   ,, -   ,, -   ,, -   ,, -   ,, -   ,, -   ,, -   ,, -   ,, -   ,, -   ,, -   ,, -   ,, -   ,, -   ,, -   ,, -   ,, -   ,, -   ,, -   ,, -   ,, -   ,, -   ,, -   ,, -   ,, -   ,, -   ,, -   ,,,,,,,, -   ,
64300  Medical Books and Research, -   ,, -   ,, -   ,, -   ,, -   ,, -   ,, -   ,, -   ,, -   ,, -   ,, -   ,, -   ,, -   ,, -   ,, -   ,, -   ,, -   ,, -   ,, -   ,, -   ,, -   ,, -   ,, -   ,, -   ,, -   ,, -   ,, -   ,, -   ,, -   ,, -   ,, -   ,, -   ,, -   ,, -   ,, -   ,,,,,,,, -   ,
68200  Laboratory Fees, -   ,, -   ,, -   ,, -   ,, -   ,, -   ,," 16,488.00 ",," 34,424.00 ",," 42,932.00 ",," 44,772.00 ",," 31,728.00 ",," 35,938.00 ",," 206,282.00 ",," 39,348.00 ",," 32,944.00 ",," 31,344.00 ",," 41,588.00 ",," 30,128.00 ",," 32,672.00 ",," 38,468.00 ",," 31,202.00 ",," 30,416.00 ",," 44,084.00 ",," 30,688.00 ",," 37,028.00 ",," 419,910.00 ",," 33,376.00 ",," 34,496.00 ",," 34,972.00 ",," 40,612.00 ",," 31,083.00 ",," 34,869.00 ",," 40,828.00 ",," 35,314.00 ",," 43,624.00 ",,,,,,,," 329,174.00 ",
6380  Laboratory Directory," 1,500.00 ",," 1,500.00 ",," 1,500.00 ",," 1,500.00 ",," 1,500.00 ",," 1,500.00 ",," 1,500.00 ",," 1,500.00 ",, -   ,, -   ,, -   ,, -   ,," 12,000.00 ",, -   ,, -   ,, -   ,, -   ,, -   ,, -   ,, -   ,, -   ,, -   ,, -   ,, -   ,, -   ,, -   ,, -   ,, -   ,, -   ,, -   ,, -   ,, -   ,, -   ,, -   ,, -   ,,,,,,,, -   ,
68300  Lab Supplies," 7,500.43 ",, -   ,," 10,685.15 ",, -   ,," 8,615.40 ",," 6,150.34 ",," 7,982.14 ",, 186.19 ,, 242.38 ,, 740.29 ,, 353.90 ,, 353.90 ,," 42,810.12 ",, 353.90 ,, 375.53 ,, 772.69 ,, 418.79 ,, 263.99 ,, 285.62 ,, 440.41 ,, 440.41 ,, -   ,, 610.65 ,, 436.29 ,, 589.02 ,," 4,987.30 ",, -   ,, 589.02 ,, 436.29 ,, 121.08 ,, 457.96 ,, 462.09 ,, 443.68 ,, 492.40 ,, 984.80 ,,,,,,,," 3,987.32 ",
Total COGS," 24,524.57 ",," 18,858.01 ",," 33,019.24 ",," 19,248.23 ",," 28,073.86 ",," 26,848.96 ",," 46,489.72 ",," 54,698.23 ",," 62,652.82 ",," 68,748.56 ",," 49,733.59 ",," 53,495.74 ",," 486,391.53 ",," 59,500.75 ",," 49,135.13 ",," 52,037.16 ",," 63,891.94 ",," 46,969.59 ",," 50,441.88 ",," 59,549.93 ",," 51,752.05 ",," 47,105.11 ",," 56,708.91 ",," 43,183.71 ",," 54,517.13 ",," 634,793.29 ",," 40,954.37 ",," 47,316.88 ",," 47,976.16 ",," 51,516.96 ",," 40,211.82 ",," 50,707.41 ",," 73,657.57 ",," 67,725.00 ",," 57,361.96 ",,,,,,,," 477,428.13 ",
Gross Profit," 404,745.37 ",," 405,874.73 ",," 462,187.71 ",," 374,784.72 ",," 469,106.98 ",," 430,273.07 ",," 352,456.60 ",," 480,258.48 ",," 473,785.80 ",," 423,826.05 ",," 509,475.58 ",," 505,559.98 ",," 5,292,335.07 ",," 519,568.56 ",," 451,350.82 ",," 278,860.59 ",," 609,746.05 ",," 564,250.83 ",," 461,930.17 ",," 620,051.20 ",," 555,960.86 ",," 487,415.72 ",," 630,377.79 ",," 490,196.68 ",," 547,292.01 ",," 6,217,001.28 ",," 493,445.29 ",," 477,558.11 ",," 495,405.36 ",," 578,198.17 ",," 560,827.79 ",," 505,205.89 ",," 582,402.88 ",," 498,671.01 ",," 512,814.93 ",,,,,,,," 4,704,529.43 ",
Expense,,,,,,,,,,,,,,,,,,,,,,,,,,,,,,,,,,,,,,,,,,,,,,,,,,,,,,,,,,,,,,,,,,,,,,,,,,,,,,
67800  Recruiting, -   ,, -   ,, -   ,, -   ,, -   ,, -   ,, -   ,, -   ,, -   ,, -   ,, -   ,, -   ,, -   ,, -   ,, -   ,, -   ,, -   ,, -   ,, -   ,, -   ,, -   ,, -   ,, -   ,, -   ,, -   ,, -   ,, -   ,, -   ,, -   ,, -   ,, -   ,, -   ,, -   ,, -   ,, -   ,,,,,,,, -   ,
67600  Oxygen and Gas, -   ,, -   ,, -   ,, -   ,, -   ,, -   ,, -   ,, -   ,, -   ,, -   ,, -   ,, -   ,, -   ,, -   ,, -   ,, -   ,, -   ,, -   ,, -   ,, -   ,, -   ,, -   ,, -   ,, -   ,, -   ,, -   ,, -   ,, -   ,, -   ,, -   ,, -   ,, -   ,, -   ,, -   ,, -   ,,,,,,,, -   ,
67900  Radiation Badges, -   ,, -   ,, -   ,, -   ,, -   ,, -   ,, -   ,, -   ,, -   ,, -   ,, -   ,, -   ,, -   ,, -   ,, -   ,, -   ,, -   ,, -   ,, -   ,, -   ,, -   ,, -   ,, -   ,, -   ,, -   ,, -   ,, -   ,, -   ,, -   ,, -   ,, -   ,, -   ,, -   ,, -   ,, -   ,,,,,,,, -   ,
67500  Equipment Rental, -   ,, 255.75 ,, 126.05 ,, 105.00 ,, 164.19 ,, 134.50 ,, 105.00 ,, 105.00 ,, 105.00 ,, 105.00 ,, 130.94 ,, 105.00 ,," 1,441.43 ",, 145.89 ,, 109.46 ,, 173.74 ,, 146.59 ,, 120.90 ,, 105.00 ,, 108.91 ,, 105.00 ,, 110.64 ,, 206.93 ,, 105.00 ,, 105.00 ,," 1,543.06 ",, -   ,, -   ,, 273.94 ,, 218.61 ,, 195.92 ,, 181.63 ,, 188.36 ,, 168.48 ,, 171.18 ,,,,,,,," 1,398.12 ",
65100  Accounting," 2,003.18 ",," 1,299.25 ",," 1,226.42 ",," 1,444.05 ",," 1,997.37 ",," 1,697.08 ",," 1,431.37 ",," 1,470.91 ",," 1,622.02 ",," 1,213.74 ",," 1,490.72 ",," 1,463.79 ",," 18,359.90 ",," 1,338.80 ",," 1,800.05 ",," 1,311.87 ",," 1,252.53 ",," 1,437.68 ",," 1,279.45 ",," 1,381.60 ",," 1,609.40 ",," 1,364.91 ",," 1,592.14 ",," 2,400.15 ",," 1,582.50 ",," 18,351.08 ",," 1,582.50 ",," 1,582.50 ",," 1,582.50 ",," 1,582.50 ",," 1,582.50 ",," 1,582.50 ",," 1,582.50 ",," 1,582.50 ",," 1,582.50 ",,,,,,,," 14,242.50 ",
65475  Credentialing, -   ,, -   ,, -   ,, -   ,, -   ,, -   ,, -   ,, -   ,, -   ,, -   ,, -   ,, -   ,, -   ,, -   ,, -   ,, -   ,, -   ,, -   ,, -   ,, -   ,, -   ,, -   ,, -   ,, -   ,, -   ,, -   ,, -   ,, -   ,, -   ,, -   ,, -   ,, -   ,, -   ,, -   ,, -   ,,,,,,,, -   ,
65900 Janitorial Expense, -   ,, -   ,, -   ,, -   ,, -   ,, -   ,, -   ,, -   ,, -   ,, -   ,, -   ,, -   ,, -   ,, -   ,, -   ,, -   ,, -   ,, -   ,, -   ,, -   ,, -   ,, -   ,, -   ,, -   ,, -   ,, -   ,, -   ,, -   ,, -   ,, -   ,, -   ,, -   ,, -   ,, -   ,, -   ,,,,,,,, -   ,
Automobile Expense,,,,,,,,,,,,,,,,,,,,,,,,, -   ,, -   ,, -   ,, -   ,, -   ,, -   ,, -   ,, -   ,, -   ,, -   ,, -   ,, -   ,, -   ,, -   ,, -   ,, -   ,, -   ,, -   ,, -   ,, -   ,, -   ,, -   ,, -   ,,,,,,,, -   ,
65210  Gas, -   ,, -   ,, -   ,, -   ,, -   ,, -   ,, -   ,, -   ,, -   ,, -   ,, -   ,, -   ,, -   ,, -   ,, -   ,, -   ,, -   ,, -   ,, -   ,, -   ,, -   ,, -   ,, -   ,, -   ,, -   ,, -   ,, -   ,, -   ,, -   ,, -   ,, -   ,, -   ,, -   ,, -   ,, -   ,,,,,,,, -   ,
65220  Parking, -   ,, -   ,, -   ,, -   ,, -   ,, -   ,, -   ,, -   ,, -   ,, -   ,, -   ,, -   ,, -   ,, -   ,, -   ,, -   ,, -   ,, -   ,, -   ,, -   ,, -   ,, -   ,, -   ,, -   ,, -   ,, -   ,, -   ,, -   ,, -   ,, -   ,, -   ,, -   ,, -   ,, -   ,, -   ,,,,,,,, -   ,
Automobile Expense - Other, -   ,, -   ,, -   ,, -   ,, -   ,, -   ,, -   ,, -   ,, -   ,, -   ,, -   ,, -   ,, -   ,, -   ,, -   ,, -   ,, -   ,, -   ,, -   ,, -   ,, -   ,, -   ,, -   ,, -   ,, -   ,, -   ,, -   ,, -   ,, -   ,, -   ,, -   ,, -   ,, -   ,, -   ,, -   ,,,,,,,, -   ,
Total Automobile Expense, -   ,, -   ,, -   ,, -   ,, -   ,, -   ,, -   ,, -   ,, -   ,, -   ,, -   ,, -   ,, -   ,, -   ,, -   ,, -   ,, -   ,, -   ,, -   ,, -   ,, -   ,, -   ,, -   ,, -   ,, -   ,, -   ,, -   ,, -   ,, -   ,, -   ,, -   ,, -   ,, -   ,, -   ,, -   ,,,,,,,, -   ,
65000  Advertising and Promotion," 2,602.76 ",," 3,486.60 ",," 2,615.84 ",," 2,106.09 ",," 2,150.08 ",," 2,288.53 ",," 1,751.38 ",," 1,309.54 ",," 1,815.95 ",," 4,421.59 ",," 1,696.00 ",, 896.00 ,," 27,140.36 ",," 1,396.00 ",," 2,262.00 ",," 1,546.00 ",, 946.00 ,, 896.00 ,, 196.00 ,," 1,196.00 ",, 196.00 ,, 196.00 ,," 5,003.95 ",, 196.00 ,," 1,235.98 ",," 15,265.93 ",, 280.32 ,," 1,062.00 ",," 1,243.41 ",," 1,012.09 ",," 2,005.44 ",," 1,037.69 ",," 2,577.41 ",," 1,849.05 ",," 4,705.12 ",,,,,,,," 15,772.53 ",
65300  Bank Service Charges, 176.54 ,, 186.06 ,, 183.08 ,, 198.68 ,, 233.03 ,, 186.06 ,, 195.42 ,, 160.45 ,, 206.72 ,, 257.58 ,, 214.77 ,, 152.41 ,," 2,350.80 ",, 154.56 ,, (598.81),, 3.74 ,, 3.74 ,, 208.11 ,, 3.74 ,, 3.74 ,, 5.61 ,, 1.87 ,, -   ,, -   ,, -   ,, (213.70),, -   ,, -   ,, -   ,, -   ,, 95.00 ,, -   ,, -   ,, -   ,, 19.20 ,,,,,,,, 114.20 ,
65350  Charitable Contributions, -   ,, -   ,, -   ,, -   ,, -   ,, -   ,, -   ,, -   ,, -   ,, -   ,, -   ,, -   ,, -   ,, -   ,, -   ,, -   ,, -   ,, -   ,, -   ,, -   ,, -   ,, -   ,, -   ,, -   ,, -   ,, -   ,, -   ,, -   ,, -   ,, -   ,, -   ,, -   ,, -   ,, -   ,, -   ,,,,,,,, -   ,
65700  Business Licenses and Permits, -   ,, -   ,, -   ,, -   ,, -   ,," 1,918.00 ",, -   ,, 476.59 ,, -   ,, 888.00 ,, -   ,, -   ,," 3,282.59 ",, 688.28 ,," 2,448.00 ",, -   ,, -   ,, -   ,, 888.00 ,, 692.82 ,, -   ,," 1,217.00 ",, -   ,, -   ,, -   ,," 5,934.10 ",," 5,110.00 ",, 679.28 ,, -   ,, -   ,, 888.00 ,, -   ,, 502.79 ,, -   ,, 888.00 ,,,,,,,," 8,068.07 ",
66200  Telephone and Internet," 2,114.82 ",," 2,420.82 ",," 2,727.37 ",," 2,129.77 ",," 2,646.28 ",," 2,349.00 ",," 2,346.99 ",," 2,907.39 ",," 2,287.65 ",," 2,377.76 ",," 2,281.32 ",," 2,282.10 ",," 28,871.27 ",," 2,279.34 ",," 2,279.34 ",," 2,279.51 ",," 2,550.20 ",," 2,277.43 ",," 1,972.48 ",," 2,574.60 ",," 2,282.55 ",," 1,983.94 ",," 2,589.39 ",," 1,883.02 ",," 2,602.98 ",," 27,554.78 ",," 2,301.14 ",," 1,995.98 ",," 2,606.31 ",," 2,298.26 ",," 2,276.17 ",," 2,276.17 ",," 2,275.44 ",," 2,276.01 ",," 2,288.67 ",,,,,,,," 20,594.15 ",
65400  Continuing Education, 86.56 ,, -   ,, 86.56 ,, -   ,, -   ,, 717.19 ,, 86.56 ,, 199.06 ,, 60.45 ,, 421.85 ,, 369.00 ,, 402.95 ,," 2,430.18 ",, 86.56 ,, 260.78 ,, 215.56 ,, 43.28 ,, 743.28 ,, 43.28 ,, 43.28 ,, 21.64 ,, 42.55 ,, 422.28 ,, 550.56 ,, 100.00 ,," 2,573.05 ",, -   ,, 220.64 ,," 2,500.00 ",, 21.64 ,, 151.48 ,, 379.68 ,, 38.81 ,, 43.28 ,, 341.95 ,,,,,,,," 3,697.48 ",
65500  Dues and Subscriptions," 1,213.95 ",," 1,000.00 ",, 295.00 ,, -   ,, -   ,, 500.00 ,, -   ,, -   ,, 625.00 ,," 1,396.00 ",, -   ,," 1,128.00 ",," 6,157.95 ",," 3,425.00 ",, -   ,, -   ,, -   ,, -   ,, -   ,, -   ,, 295.00 ,, -   ,," 1,746.00 ",, -   ,, -   ,," 5,466.00 ",," 4,354.00 ",, -   ,," 1,123.00 ",, 210.00 ,, -   ,, -   ,, -   ,, -   ,, -   ,,,,,,,," 5,687.00 ",
Insurance,,,,,,,,,,,,,,,,,,,,,,,,,,,,,,,,,,,,,,,,,,,,,,,,,,,,,,,,,,,,,,,,,,,,,,,,,,,,,,
65610  Health Insurance, -   ,, -   ,, -   ,, -   ,, -   ,, -   ,, -   ,, -   ,, -   ,, -   ,, -   ,, -   ,, -   ,, -   ,, -   ,, -   ,, -   ,, -   ,, -   ,, -   ,, -   ,, -   ,, -   ,, -   ,, -   ,, -   ,, -   ,, 845.00 ,," 6,774.00 ",," 1,579.00 ",, -   ,, -   ,, -   ,, -   ,, -   ,,,,,,,," 9,198.00 ",
65620  Liability Insurance," 1,810.00 ",," 3,453.00 ",, 845.00 ,," 7,492.00 ",, -   ,," (1,000.00)",," 2,295.00 ",, 845.00 ,," 4,594.00 ",," 2,221.00 ",," 3,290.00 ",, 845.00 ,," 26,690.00 ",," 4,513.00 ",, 845.00 ,," 6,795.00 ",," 1,591.00 ",, -   ,," 1,681.00 ",, 951.00 ,," 2,149.00 ",," 3,290.00 ",," 2,045.00 ",," 3,290.00 ",, 845.00 ,," 27,995.00 ",," 4,490.00 ",, -   ,, -   ,, -   ,, 14.00 ,, -   ,," 2,562.00 ",, 845.00 ,," 4,594.00 ",,,,,,,," 12,505.00 ",
65630  Medical Malpractice, -   ,, -   ,, -   ,, -   ,, -   ,, -   ,, -   ,, -   ,, -   ,, -   ,, -   ,, -   ,, -   ,, -   ,, -   ,, -   ,, -   ,, -   ,, -   ,, -   ,, -   ,, -   ,, -   ,, -   ,, -   ,, -   ,, -   ,, -   ,, -   ,, -   ,, -   ,, -   ,, -   ,, -   ,, -   ,,,,,,,, -   ,
Insurance - Other, -   ,, -   ,, -   ,, -   ,, -   ,, -   ,, -   ,, -   ,, -   ,, -   ,, -   ,, -   ,, -   ,, -   ,, -   ,, -   ,, -   ,, -   ,, -   ,, -   ,, -   ,, -   ,, -   ,, -   ,, -   ,, -   ,, -   ,, -   ,, -   ,, -   ,, -   ,, -   ,, -   ,, -   ,, -   ,,,,,,,, -   ,
Total Insurance," 1,810.00 ",," 3,453.00 ",, 845.00 ,," 7,492.00 ",, -   ,," (1,000.00)",," 2,295.00 ",, 845.00 ,," 4,594.00 ",," 2,221.00 ",," 3,290.00 ",, 845.00 ,," 26,690.00 ",," 4,513.00 ",, 845.00 ,," 6,795.00 ",," 1,591.00 ",, -   ,," 1,681.00 ",, 951.00 ,," 2,149.00 ",," 3,290.00 ",," 2,045.00 ",," 3,290.00 ",, 845.00 ,," 27,995.00 ",," 4,490.00 ",, 845.00 ,," 6,774.00 ",," 1,579.00 ",, 14.00 ,, -   ,," 2,562.00 ",, 845.00 ,," 4,594.00 ",,,,,,,," 21,703.00 ",
License and Fees, -   ,, -   ,, -   ,, -   ,, -   ,, -   ,, -   ,, -   ,, -   ,, -   ,, -   ,, -   ,, -   ,, -   ,, -   ,, -   ,, -   ,, -   ,, -   ,, -   ,, -   ,, -   ,, -   ,, -   ,, -   ,, -   ,, -   ,, -   ,, -   ,, -   ,, -   ,, -   ,, -   ,, -   ,, -   ,,,,,,,, -   ,
6380  License & Fee, 664.00 ,, -   ,, -   ,, -   ,, -   ,, -   ,, -   ,, -   ,, -   ,, -   ,, -   ,, -   ,, 664.00 ,, -   ,, -   ,, -   ,, -   ,, -   ,, -   ,, -   ,, -   ,, -   ,, -   ,, -   ,, -   ,, -   ,, -   ,, -   ,, -   ,, -   ,, -   ,, -   ,, -   ,, -   ,, -   ,,,,,,,, -   ,
66400  Legal Fees, 200.00 ,, -   ,," 2,270.00 ",, 770.00 ,, 315.00 ,, 590.00 ,, -   ,, 262.50 ,, -   ,, -   ,, -   ,, -   ,," 4,407.50 ",, -   ,, 100.00 ,, -   ,, -   ,, 920.00 ,, -   ,, -   ,," 7,522.50 ",," 5,895.00 ",, 120.00 ,," 5,840.25 ",, 120.00 ,," 20,517.75 ",," 15,502.50 ",, -   ,, -   ,, -   ,, -   ,, -   ,, -   ,, -   ,, -   ,,,,,,,," 15,502.50 ",
66500  Linens and Cleaning, -   ,, -   ,, -   ,, -   ,, -   ,, -   ,, -   ,, -   ,, -   ,, -   ,, -   ,, -   ,, -   ,, -   ,, -   ,, -   ,, -   ,, -   ,, -   ,, -   ,, -   ,, -   ,, -   ,, -   ,, -   ,, -   ,, -   ,, -   ,, -   ,, -   ,, -   ,, -   ,, -   ,, -   ,, -   ,,,,,,,, -   ,
Meals and Entertainment,,,,,,,,,,,,,,,,,,,,,,,,,,,,,,,,,,,,,,,,,,,,,,,,,,,,,,,,,,,,,,,,,,,,,,,,,,,,,,
66120  Marketing Gifts, -   ,, -   ,, -   ,, -   ,, -   ,, -   ,, -   ,, -   ,, -   ,, -   ,, -   ,, -   ,, -   ,, -   ,, -   ,, -   ,, -   ,, -   ,, -   ,, -   ,, -   ,, -   ,, -   ,, -   ,, -   ,, -   ,, -   ,, -   ,, -   ,, -   ,, -   ,, -   ,, -   ,, -   ,, -   ,,,,,,,, -   ,
66150  Employee meals on Premises, 456.61 ,, 640.09 ,, 940.97 ,, 985.22 ,," 1,103.99 ",," 1,369.35 ",," 1,207.11 ",," 1,011.84 ",," 1,026.85 ",, 851.31 ,, 848.92 ,," 1,110.52 ",," 11,552.78 ",, 744.83 ,, 917.95 ,, 931.19 ,, 442.48 ,," 1,255.82 ",," 1,238.71 ",, 848.80 ,, 584.25 ,, 956.31 ,," 1,060.76 ",," 1,070.24 ",," 1,884.10 ",," 11,935.44 ",, 419.72 ,," 1,154.11 ",, 961.63 ,, 376.89 ,," 1,680.54 ",, 987.83 ,, 352.41 ,, 414.69 ,, 506.79 ,,,,,,,," 6,854.61 ",
66110  Business Entertainment, -   ,, -   ,, -   ,, -   ,, -   ,, -   ,, -   ,, -   ,, -   ,, -   ,, -   ,, -   ,, -   ,, -   ,, -   ,, -   ,, -   ,, -   ,, -   ,, -   ,, -   ,, -   ,, -   ,, -   ,, -   ,, -   ,, -   ,, -   ,, -   ,, -   ,, -   ,, -   ,, -   ,, -   ,, -   ,,,,,,,, -   ,
66160  Travel Meals, -   ,, -   ,, -   ,, -   ,, -   ,, -   ,, -   ,, -   ,, -   ,, -   ,, -   ,, -   ,, -   ,, -   ,, -   ,, -   ,, -   ,, -   ,, -   ,, -   ,, -   ,, -   ,, -   ,, -   ,, -   ,, -   ,, -   ,, -   ,, -   ,, -   ,, -   ,, -   ,, -   ,, -   ,, -   ,,,,,,,, -   ,
66140  Office Snacks and Beverages, -   ,, -   ,, -   ,, -   ,, -   ,, -   ,, -   ,, -   ,, -   ,, -   ,, -   ,, -   ,, -   ,, -   ,, -   ,, -   ,, -   ,, -   ,, -   ,, -   ,, -   ,, -   ,, -   ,, -   ,, -   ,, -   ,, -   ,, -   ,, 17.22 ,, -   ,, 35.19 ,, 79.31 ,, -   ,, -   ,, 57.39 ,,,,,,,, 189.11 ,
66140  Office Party, -   ,, -   ,, -   ,, -   ,, -   ,, -   ,, -   ,, -   ,, -   ,, -   ,, -   ,, -   ,, -   ,, -   ,, -   ,, -   ,, -   ,, -   ,, -   ,, -   ,, -   ,, -   ,, -   ,, -   ,, -   ,, -   ,, -   ,, -   ,, -   ,, 20.34 ,, 64.99 ,, -   ,, -   ,, -   ,, -   ,,,,,,,, 85.33 ,
Meals and Entertainment - Other, -   ,, -   ,, -   ,, -   ,, -   ,, -   ,, -   ,, -   ,, -   ,, -   ,, -   ,, -   ,, -   ,, -   ,, -   ,, -   ,, -   ,, -   ,, -   ,, -   ,, -   ,, -   ,, -   ,, -   ,, -   ,, -   ,, -   ,, -   ,, -   ,, -   ,, -   ,, -   ,, -   ,, -   ,, -   ,,,,,,,, -   ,
Total Meals and Entertainment, 456.61 ,, 640.09 ,, 940.97 ,, 985.22 ,," 1,103.99 ",," 1,369.35 ",," 1,207.11 ",," 1,011.84 ",," 1,026.85 ",, 851.31 ,, 848.92 ,," 1,110.52 ",," 11,552.78 ",, 744.83 ,, 917.95 ,, 931.19 ,, 442.48 ,," 1,255.82 ",," 1,238.71 ",, 848.80 ,, 584.25 ,, 956.31 ,," 1,060.76 ",," 1,070.24 ",," 1,884.10 ",," 11,935.44 ",, 419.72 ,," 1,154.11 ",, 978.85 ,, 397.23 ,," 1,780.72 ",," 1,067.14 ",, 352.41 ,, 414.69 ,, 564.18 ,,,,,,,," 7,129.05 ",
66600  Moving Expense, -   ,, -   ,, -   ,, -   ,, -   ,, -   ,, -   ,, -   ,, -   ,, -   ,, -   ,, -   ,, -   ,,,,,,,,,,,,,,,,,,,,,,,,,,,, -   ,, -   ,, -   ,, -   ,, -   ,, -   ,, -   ,, -   ,, -   ,,,,,,,, -   ,
66800  Office Expense," 3,855.12 ",," 5,438.46 ",," 4,044.19 ",," 3,712.61 ",," 3,585.66 ",," 4,492.37 ",," 4,844.92 ",," 4,529.00 ",," 3,241.54 ",," 3,569.94 ",," 4,431.26 ",," 4,855.74 ",," 50,600.81 ",," 3,722.52 ",," 4,908.23 ",," 4,937.07 ",," 5,210.59 ",," 4,242.52 ",," 4,915.19 ",," 4,281.24 ",," 5,091.88 ",," 4,778.96 ",," 6,798.11 ",," 3,971.17 ",," 6,926.00 ",," 59,783.48 ",," 5,047.21 ",," 3,756.17 ",," 5,222.43 ",," 5,363.05 ",," 4,665.68 ",," 4,817.87 ",," 4,225.40 ",," 5,652.92 ",," 4,390.70 ",,,,,,,," 43,141.43 ",
66900  Postage, 337.15 ,, 316.80 ,, 522.58 ,, 308.40 ,, 328.43 ,, 310.09 ,, 310.09 ,, 310.09 ,, 524.27 ,, 594.09 ,, 338.84 ,, 610.09 ,," 4,810.92 ",, 340.54 ,, 310.09 ,," 1,410.09 ",, 610.09 ,, 784.43 ,, 310.09 ,, 310.09 ,, 920.86 ,, 270.09 ,, 315.64 ,, 334.59 ,, 688.60 ,," 6,605.20 ",, 495.37 ,, 335.58 ,, 310.09 ,, 688.70 ,, 784.36 ,, 350.04 ,, 610.09 ,, 516.35 ,, 683.26 ,,,,,,,," 4,773.84 ",
Payroll,,,,,,,,,,,,,,,,,,,,,,,,,,,,,,,,,,,,,,,,,,,,,,,,,,,,,,,,,,,,,,,,,,,,,,,,,,,,,,
In Office Payroll,,,,,,,,,,,,,,,,,,,,,,,,,,,,,,,,,,,,,,,,,,,,,,,,,,,,,,,,,,,,,,,,,,,,,,,,,,,,,,
66051  Wages," 160,494.97 ",," 166,815.76 ",," 243,301.80 ",," 165,109.37 ",," 167,033.03 ",," 164,709.55 ",," 169,809.42 ",," 174,328.59 ",," 266,469.83 ",," 181,304.54 ",," 178,781.91 ",," 176,593.26 ",," 2,214,752.03 ",," 177,168.97 ",," 179,987.78 ",," 269,004.19 ",," 179,201.32 ",," 178,440.54 ",," 181,182.85 ",," 180,689.11 ",," 273,835.28 ",," 184,816.59 ",," 184,577.28 ",," 184,324.71 ",," 183,971.94 ",," 2,357,200.56 ",," 271,248.59 ",," 178,908.10 ",," 182,723.36 ",," 176,076.16 ",," 175,187.29 ",," 174,305.45 ",," 178,087.06 ",," 273,202.45 ",," 176,048.07 ",,,,,,,," 1,785,786.53 ",
66052  Bonus," 45,860.51 ",," 30,708.46 ",," 33,862.19 ",," 37,670.39 ",," 23,567.86 ",," 33,276.57 ",," 30,988.87 ",," 31,516.30 ",," 29,378.99 ",," 29,818.34 ",," 38,403.87 ",," 47,253.41 ",," 412,305.76 ",," 51,370.27 ",," 40,439.23 ",," 27,317.43 ",," 25,799.24 ",," 44,481.55 ",," 24,708.13 ",," 20,576.01 ",," 47,697.02 ",," 36,109.75 ",," 32,032.86 ",," 61,370.25 ",," 32,509.97 ",," 444,411.71 ",," 29,247.31 ",," 12,213.37 ",," 18,871.17 ",," 19,300.08 ",," 24,002.80 ",," 19,086.21 ",," 11,554.58 ",," 34,798.70 ",," 22,545.62 ",,,,,,,," 191,619.84 ",
66053  NP Extra Visits, -   ,, -   ,, -   ,, -   ,, -   ,, -   ,, -   ,, -   ,, -   ,, -   ,, -   ,, -   ,, -   ,, -   ,, -   ,, -   ,, -   ,, -   ,, -   ,, -   ,, -   ,," 1,440.00 ",, -   ,, 360.00 ,, 60.00 ,," 1,860.00 ",," 3,060.00 ",, 90.00 ,, 30.00 ,, 30.00 ,, -   ,, -   ,, 30.00 ,, 690.00 ,, 930.00 ,,,,,,,," 4,860.00 ",
66054  Telehealth, -   ,, -   ,, -   ,, -   ,, -   ,, -   ,, -   ,, -   ,, -   ,, -   ,, -   ,," 4,770.00 ",," 4,770.00 ",," 5,000.00 ",," 4,420.00 ",," 6,570.00 ",," 3,270.00 ",," 2,890.00 ",," 2,640.00 ",," 2,280.00 ",," 3,420.00 ",," 2,440.00 ",," 2,770.00 ",," 2,170.00 ",," 2,830.00 ",," 40,700.00 ",," 2,010.00 ",," 3,250.00 ",," 2,220.00 ",," 1,390.00 ",," 2,540.00 ",," 1,710.00 ",," 2,100.00 ",," 3,030.00 ",," 2,090.00 ",,,,,,,," 20,340.00 ",
66055  Administration, -   ,, -   ,, -   ,, -   ,, -   ,, -   ,, -   ,, -   ,, -   ,, -   ,, -   ,, -   ,, -   ,, -   ,, -   ,, -   ,, -   ,, -   ,, -   ,, -   ,, -   ,, -   ,, -   ,, -   ,, -   ,, -   ,, -   ,, -   ,, -   ,," 2,769.24 ",," 2,769.24 ",," 2,769.24 ",," 2,769.24 ",," 4,153.86 ",," 2,769.24 ",,,,,,,," 18,000.06 ",
66061  Payroll Taxes," 15,302.31 ",," 14,626.76 ",," 19,859.00 ",," 11,478.77 ",," 11,221.69 ",," 11,287.58 ",," 11,519.26 ",," 11,927.81 ",," 17,803.99 ",," 12,732.67 ",," 12,479.09 ",," 13,297.62 ",," 163,536.55 ",," 17,390.00 ",," 16,722.37 ",," 20,905.31 ",," 12,535.62 ",," 12,726.42 ",," 12,522.92 ",," 12,394.22 ",," 19,033.59 ",," 13,018.86 ",," 12,821.48 ",," 13,364.13 ",," 13,262.83 ",," 176,697.75 ",," 22,612.27 ",," 14,432.77 ",," 15,139.08 ",," 13,495.71 ",," 12,044.74 ",," 11,858.69 ",," 12,099.77 ",," 18,933.62 ",," 15,403.33 ",,,,,,,," 136,019.98 ",
66062  Unemployment," 2,751.28 ",," 1,988.20 ",," 2,079.80 ",, 667.15 ,, 189.82 ,, 169.87 ,, 253.54 ,, 378.11 ,, 463.06 ,, 337.66 ,, 325.56 ,, 263.27 ,," 9,867.32 ",," 2,834.41 ",," 1,835.51 ",," 1,966.36 ",, 597.92 ,, 297.79 ,, 269.46 ,, 207.55 ,, 242.59 ,, 139.55 ,, 146.42 ,, 200.10 ,, 168.16 ,," 8,905.82 ",," 3,114.78 ",," 1,272.53 ",, 872.14 ,, 406.80 ,, 199.46 ,, 164.17 ,, 183.76 ,, 262.50 ,, 227.08 ,,,,,,,," 6,703.22 ",
66071  Health Insurance," 18,126.61 ",," 18,913.72 ",," 15,085.98 ",," 20,520.14 ",," 17,629.05 ",," 16,163.18 ",," 17,288.04 ",," 20,997.67 ",," 15,870.97 ",," 22,389.81 ",," 17,296.04 ",," 20,261.83 ",," 220,543.04 ",," 19,364.53 ",," 20,193.64 ",," 19,056.38 ",," 21,638.81 ",," 21,647.15 ",," 21,641.45 ",," 22,617.88 ",," 22,525.06 ",," 23,855.45 ",," 23,911.47 ",," 22,622.39 ",," 22,137.48 ",," 261,211.69 ",," 21,444.61 ",," 24,769.13 ",," 22,803.42 ",," 20,271.73 ",," 21,428.97 ",," 22,770.60 ",," 25,879.17 ",," 19,715.59 ",," 24,196.13 ",,,,,,,," 203,279.35 ",
66072  Simple Plan Match," 1,256.12 ",," 1,214.82 ",," 1,749.49 ",," 1,244.64 ",," 1,249.96 ",," 1,222.87 ",," 1,239.31 ",," 1,243.87 ",," 2,045.12 ",," 1,378.14 ",," 1,351.83 ",," 1,339.56 ",," 16,535.73 ",," 1,293.83 ",," 1,302.80 ",," 1,969.61 ",," 1,299.79 ",," 1,302.52 ",," 1,315.27 ",," 2,420.09 ",," 3,738.99 ",," 2,497.89 ",," 2,499.54 ",," 2,422.77 ",," 2,438.26 ",," 24,501.36 ",," 3,636.80 ",," 2,454.65 ",," 2,617.93 ",," 2,696.82 ",," 2,633.16 ",," 2,610.11 ",," 2,605.97 ",," 3,955.05 ",," 1,735.96 ",,,,,,,," 24,946.45 ",
Total In-Office Payroll," 243,791.80 ",," 234,267.72 ",," 315,938.26 ",," 236,690.46 ",," 220,891.41 ",," 226,829.62 ",," 231,098.44 ",," 240,392.35 ",," 332,031.96 ",," 247,961.16 ",," 248,638.30 ",," 263,778.95 ",," 3,042,310.43 ",," 274,422.01 ",," 264,901.33 ",," 346,789.28 ",," 244,342.70 ",," 261,785.97 ",," 244,280.08 ",," 241,184.86 ",," 370,492.53 ",," 264,318.09 ",," 258,759.05 ",," 286,834.35 ",," 257,378.64 ",," 3,315,488.89 ",," 356,374.36 ",," 237,390.55 ",," 245,277.10 ",," 236,436.54 ",," 240,805.66 ",," 235,274.47 ",," 235,309.55 ",," 358,741.77 ",," 245,945.43 ",,,,,,,," 2,391,555.43 ",
Shared Payroll,,,,,,,,,,,,,,,,,,,,,,,,,,,,,,,,,,,,,,,,,,,,,,,,,,,,,,,,,,,,,,,,,,,,,,,,,,,,,,
66030  Wages, -   ,, -   ,, -   ,, -   ,, -   ,, -   ,, -   ,, -   ,, -   ,, -   ,, -   ,, -   ,, -   ,, -   ,, -   ,, -   ,, -   ,, -   ,, -   ,, -   ,, -   ,, -   ,, -   ,, -   ,, -   ,, -   ,, -   ,, -   ,, -   ,, -   ,, -   ,, -   ,, -   ,, -   ,, -   ,,,,,,,, -   ,
66033  Payroll Tax, -   ,, -   ,, -   ,, -   ,, -   ,, -   ,, -   ,, -   ,, -   ,, -   ,, -   ,, -   ,, -   ,, -   ,, -   ,, -   ,, -   ,, -   ,, -   ,, -   ,, -   ,, -   ,, -   ,, -   ,, -   ,, -   ,, -   ,, -   ,, -   ,, -   ,, -   ,, -   ,, -   ,, -   ,, -   ,,,,,,,, -   ,
66031  Payroll Overhead, -   ,, -   ,, -   ,, -   ,, -   ,, -   ,, -   ,, -   ,, -   ,, -   ,, -   ,, -   ,, -   ,, -   ,, -   ,, -   ,, -   ,, -   ,, -   ,, -   ,, -   ,, -   ,, -   ,, -   ,, -   ,, -   ,, -   ,, -   ,, -   ,, -   ,, -   ,, -   ,, -   ,, -   ,, -   ,,,,,,,, -   ,
66032  Health Insurance, -   ,, -   ,, -   ,, -   ,, -   ,, -   ,, -   ,, -   ,, -   ,, -   ,, -   ,, -   ,, -   ,, -   ,, -   ,, -   ,, -   ,, -   ,, -   ,, -   ,, -   ,, -   ,, -   ,, -   ,, -   ,, -   ,, -   ,, -   ,, -   ,, -   ,, -   ,, -   ,, -   ,, -   ,, -   ,,,,,,,, -   ,
66038  Contract Labor, -   ,, -   ,, -   ,, -   ,, -   ,, -   ,, -   ,, -   ,, -   ,, -   ,, -   ,, -   ,, -   ,, -   ,, -   ,, -   ,, -   ,, -   ,, -   ,, -   ,, -   ,, -   ,, -   ,, -   ,, -   ,, -   ,, -   ,, -   ,, -   ,, -   ,, -   ,, -   ,, -   ,, -   ,, -   ,,,,,,,, -   ,
Total Shared Payroll, -   ,, -   ,, -   ,, -   ,, -   ,, -   ,, -   ,, -   ,, -   ,, -   ,, -   ,, -   ,, -   ,, -   ,, -   ,, -   ,, -   ,, -   ,, -   ,, -   ,, -   ,, -   ,, -   ,, -   ,, -   ,, -   ,, -   ,, -   ,, -   ,, -   ,, -   ,, -   ,, -   ,, -   ,, -   ,,,,,,,, -   ,
Physician Payroll,,,,,,,,,,,,,,,,,,,,,,,,,,,,,,,,,,,,,,,,,,,,,,,,,,,,,,,,,,,,,,,,,,,,,,,,,,,,,,
66010  Wages, -   ,, -   ,, -   ,, -   ,, -   ,, -   ,, -   ,, -   ,, -   ,, -   ,, -   ,, -   ,, -   ,, -   ,, -   ,, -   ,, -   ,, -   ,, -   ,, -   ,, -   ,, -   ,, -   ,, -   ,, -   ,, -   ,, -   ,," 41,667.00 ",," 41,667.00 ",," 41,667.00 ",," 41,667.00 ",," 41,667.00 ",," 41,667.00 ",," 41,667.00 ",," 41,667.00 ",,,,,,,," 333,336.00 ",
66011  Payroll Tax, -   ,, -   ,, -   ,, -   ,, -   ,, -   ,, -   ,, -   ,, -   ,, -   ,, -   ,, -   ,, -   ,, -   ,, -   ,, -   ,, -   ,, -   ,, -   ,, -   ,, -   ,, -   ,, -   ,, -   ,, -   ,, -   ,, -   ,, -   ,, -   ,, -   ,, -   ,, -   ,, -   ,, -   ,, -   ,,,,,,,, -   ,
66012  Provider Benefits, -   ,, -   ,, -   ,, -   ,, -   ,, -   ,, -   ,, -   ,, -   ,, -   ,, -   ,, -   ,, -   ,, -   ,, -   ,, -   ,, -   ,, -   ,, -   ,, -   ,, -   ,, -   ,, -   ,, -   ,, -   ,, -   ,, -   ,, -   ,, -   ,, -   ,, -   ,, -   ,, -   ,, -   ,, -   ,,,,,,,, -   ,
66075  Physician Bonus, -   ,, -   ,, -   ,, -   ,, -   ,, -   ,, -   ,, -   ,, -   ,, -   ,, -   ,, -   ,, -   ,, -   ,, -   ,, -   ,, -   ,, -   ,, -   ,, -   ,, -   ,, -   ,, -   ,, -   ,, -   ,, -   ,, -   ,, -   ,, -   ,, -   ,, -   ,, -   ,, -   ,, -   ,, -   ,,,,,,,, -   ,
Physician Payroll - Other, -   ,, -   ,, -   ,, -   ,, -   ,, -   ,, -   ,, -   ,, -   ,, -   ,, -   ,, -   ,, -   ,, -   ,, -   ,, -   ,, -   ,, -   ,, -   ,, -   ,, -   ,, -   ,, -   ,, -   ,, -   ,, -   ,, -   ,, -   ,, -   ,, -   ,, -   ,, -   ,, -   ,, -   ,, -   ,,,,,,,, -   ,
Total Physician Payroll, -   ,, -   ,, -   ,, -   ,, -   ,, -   ,, -   ,, -   ,, -   ,, -   ,, -   ,, -   ,, -   ,, -   ,, -   ,, -   ,, -   ,, -   ,, -   ,, -   ,, -   ,, -   ,, -   ,, -   ,, -   ,, -   ,, -   ,," 41,667.00 ",," 41,667.00 ",," 41,667.00 ",," 41,667.00 ",," 41,667.00 ",," 41,667.00 ",," 41,667.00 ",," 41,667.00 ",,,,,,,," 333,336.00 ",
Payroll - Other,,,,,,,,,,,,,,,,,,,,,,,,,,,,,,,,,,,,,,,,,,,,,,,,,,,,,,,,,,,,,,,,,,,,,,,,,,,,,,
66020  Salary - Other, -   ,, -   ,, -   ,, -   ,, -   ,, -   ,, -   ,, -   ,, -   ,, -   ,, -   ,, -   ,, -   ,, -   ,, -   ,, -   ,, -   ,, -   ,, -   ,, -   ,, -   ,, -   ,, -   ,, -   ,, -   ,, -   ,, -   ,, -   ,, -   ,, -   ,, -   ,, -   ,, -   ,, -   ,, -   ,,,,,,,, -   ,
Total Payroll," 243,791.80 ",," 234,267.72 ",," 315,938.26 ",," 236,690.46 ",," 220,891.41 ",," 226,829.62 ",," 231,098.44 ",," 240,392.35 ",," 332,031.96 ",," 247,961.16 ",," 248,638.30 ",," 263,778.95 ",," 3,042,310.43 ",," 274,422.01 ",," 264,901.33 ",," 346,789.28 ",," 244,342.70 ",," 261,785.97 ",," 244,280.08 ",," 241,184.86 ",," 370,492.53 ",," 264,318.09 ",," 258,759.05 ",," 286,834.35 ",," 257,378.64 ",," 3,315,488.89 ",," 356,374.36 ",," 279,057.55 ",," 286,944.10 ",," 278,103.54 ",," 282,472.66 ",," 276,941.47 ",," 276,976.55 ",," 400,408.77 ",," 287,612.43 ",,,,,,,," 2,724,891.43 ",
65800  Payroll Processing Fees, -   ,, -   ,, -   ,, -   ,, -   ,, -   ,, -   ,, -   ,, -   ,, -   ,, -   ,, -   ,, -   ,, -   ,, -   ,, -   ,, -   ,, -   ,, -   ,, -   ,, -   ,, -   ,, -   ,, -   ,, -   ,, -   ,, -   ,, -   ,, -   ,, -   ,, -   ,, -   ,, -   ,, -   ,, -   ,,,,,,,, -   ,
67300  Printing, -   ,, -   ,, -   ,, -   ,, -   ,, -   ,, -   ,, -   ,, -   ,, -   ,, -   ,, -   ,, -   ,, -   ,, -   ,, -   ,, -   ,, -   ,, -   ,, -   ,, -   ,, -   ,, -   ,, -   ,, -   ,, -   ,, -   ,, -   ,, -   ,, -   ,, -   ,, -   ,, -   ,, -   ,, -   ,,,,,,,, -   ,
66700  Professional Fees," 5,000.00 ",," 5,850.00 ",," 5,850.00 ",," 5,225.00 ",," 5,000.00 ",," 5,000.00 ",," 8,561.00 ",," 1,439.00 ",," 5,000.00 ",," 5,000.00 ",," 5,000.00 ",," 5,000.00 ",," 61,925.00 ",," 5,000.00 ",," 5,000.00 ",," 5,000.00 ",," 5,225.00 ",," 5,000.00 ",," 5,000.00 ",," 10,000.00 ",, -   ,," 5,000.00 ",," 10,000.00 ",, -   ,," 10,000.00 ",," 65,225.00 ",," 3,000.00 ",, -   ,, -   ,, -   ,, -   ,, -   ,, -   ,, -   ,, -   ,,,,,,,," 3,000.00 ",
67100  Rent Expense," 18,919.55 ",," 18,919.55 ",," 18,919.55 ",," 19,453.81 ",," 19,453.81 ",," 19,453.81 ",," 19,453.81 ",," 19,453.81 ",," 19,453.81 ",," 19,453.81 ",," 19,453.81 ",," 19,924.54 ",," 232,313.67 ",," 19,453.81 ",," 21,709.38 ",," 19,453.81 ",," 19,587.64 ",," 19,769.79 ",," 19,769.79 ",," 19,769.79 ",," 19,769.79 ",," 19,769.79 ",," 19,919.79 ",," 19,919.79 ",," 19,919.79 ",," 238,812.96 ",," 19,919.79 ",," 19,919.79 ",," 19,919.79 ",," 20,242.08 ",," 19,919.79 ",," 20,564.37 ",," 20,242.08 ",," 20,242.08 ",," 20,242.08 ",,,,,,,," 181,211.85 ",
67200  Repairs and Maintenance, 893.15 ,, 893.15 ,, 893.15 ,, 893.15 ,, 893.15 ,," 7,550.53 ",," 1,084.86 ",, 893.15 ,, -   ,, -   ,, 173.50 ,, -   ,," 14,167.79 ",, -   ,, (576.22),, -   ,, -   ,, -   ,, -   ,, -   ,, -   ,, -   ,, -   ,, 178.76 ,, -   ,, (397.46),, 219.08 ,, -   ,, -   ,, -   ,, -   ,, -   ,, -   ,, -   ,, -   ,,,,,,,, 219.08 ,
67400  Security, -   ,, -   ,, -   ,, -   ,, -   ,, -   ,, -   ,, -   ,, -   ,, -   ,, -   ,, -   ,, -   ,, -   ,, -   ,, -   ,, -   ,, -   ,, -   ,, -   ,, -   ,, -   ,, -   ,, -   ,, -   ,, -   ,, -   ,, -   ,, -   ,, -   ,, -   ,, -   ,, -   ,, -   ,, -   ,,,,,,,, -   ,
67700  Small Medical Equipment, -   ,, -   ,, -   ,, -   ,, -   ,, -   ,, -   ,, -   ,, -   ,, -   ,, -   ,, -   ,, -   ,, -   ,, -   ,, -   ,, -   ,, -   ,, -   ,, -   ,, -   ,, -   ,, -   ,, -   ,, -   ,, -   ,, -   ,, -   ,, -   ,, -   ,, -   ,, -   ,, -   ,, -   ,, -   ,,,,,,,, -   ,
Taxes,,,,,,,,,,,,,,,,,,,,,,,,,,,,,,,,,,,,,,,,,,,,,,,,,,,,,,,,,,,,,,,,,,,,,,,,,,,,,,
68010  Personal Property Tax, -   ,, -   ,, -   ,, -   ,, -   ,, -   ,, -   ,, -   ,, -   ,, -   ,," 1,405.59 ",, -   ,," 1,405.59 ",, -   ,, -   ,, -   ,, -   ,, -   ,, -   ,, -   ,, -   ,, -   ,, -   ,, -   ,," 1,046.34 ",," 1,046.34 ",, -   ,, -   ,, -   ,, -   ,, -   ,, -   ,, -   ,, -   ,, -   ,,,,,,,, -   ,
68020  Franchise Tax, -   ,, -   ,, -   ,, -   ,, -   ,, -   ,, -   ,, -   ,, -   ,, -   ,, -   ,, -   ,, -   ,, -   ,, -   ,, -   ,," 10,323.91 ",, -   ,, -   ,, -   ,, -   ,, -   ,, -   ,, -   ,, -   ,," 10,323.91 ",, -   ,, -   ,, -   ,," 13,503.35 ",, -   ,, -   ,, -   ,, -   ,, -   ,,,,,,,," 13,503.35 ",
68000  Taxes, -   ,, -   ,, -   ,, -   ,, -   ,, -   ,, -   ,, -   ,, -   ,, -   ,, -   ,, -   ,, -   ,, -   ,, -   ,, -   ,, -   ,, -   ,, -   ,, -   ,, -   ,, -   ,, -   ,, -   ,, -   ,, -   ,, -   ,, -   ,, -   ,, -   ,, -   ,, -   ,, -   ,, -   ,, -   ,,,,,,,, -   ,
68100  Computer Expense," 10,853.78 ",," 7,951.85 ",," 9,738.58 ",," 14,631.82 ",," 9,822.40 ",," 12,363.14 ",," 12,035.22 ",," 14,496.55 ",," 12,129.04 ",," 10,205.56 ",," 13,546.67 ",," 11,385.72 ",," 139,160.33 ",," 9,225.68 ",," 13,368.51 ",," 11,122.27 ",," 13,614.81 ",," 20,250.26 ",," 11,800.42 ",," 14,293.43 ",," 10,430.35 ",," 14,586.63 ",," 10,190.18 ",," 13,676.76 ",," 11,026.11 ",," 153,585.41 ",," 12,242.13 ",," 10,100.50 ",," 10,462.09 ",," 13,082.00 ",," 15,134.69 ",," 9,230.69 ",," 13,495.98 ",," 9,548.89 ",," 12,207.75 ",,,,,,,," 105,504.72 ",
68400  Travel Expense, -   ,, 925.38 ,," 1,531.03 ",, -   ,, -   ,, -   ,, -   ,, -   ,, -   ,, (90.00),, -   ,, -   ,," 2,366.41 ",, -   ,, -   ,, -   ,, -   ,, -   ,, -   ,, -   ,, -   ,, -   ,, -   ,, -   ,, -   ,, -   ,, -   ,, -   ,, -   ,, -   ,, -   ,, -   ,, -   ,, -   ,, -   ,,,,,,,, -   ,
68500  Uniforms, -   ,, -   ,, -   ,, -   ,, -   ,, -   ,, -   ,, -   ,, -   ,, -   ,, -   ,, -   ,, -   ,, -   ,, -   ,, -   ,, -   ,, -   ,, -   ,, -   ,, -   ,, -   ,, -   ,, -   ,, -   ,, -   ,, -   ,, -   ,, -   ,, -   ,, -   ,, -   ,, -   ,, -   ,, -   ,,,,,,,, -   ,
68600  Utilities, 385.81 ,, 393.43 ,, 781.18 ,, 497.76 ,, 819.63 ,, 562.61 ,, 564.84 ,, 660.11 ,, 580.62 ,, 613.30 ,, 494.58 ,, 336.80 ,," 6,690.67 ",, 308.73 ,, 273.32 ,, 206.65 ,, 309.24 ,, 507.12 ,, 550.99 ,, 482.42 ,, 543.03 ,, 434.22 ,, 431.65 ,, 393.72 ,, 397.95 ,," 4,839.04 ",, 297.09 ,, 380.94 ,, 340.80 ,, 250.20 ,, 457.94 ,, 498.45 ,, 898.18 ,, 643.92 ,, 728.03 ,,,,,,,," 4,495.55 ",
69900  Answering Service, 242.48 ,, 187.27 ,, 151.14 ,, 169.95 ,, 147.22 ,, 305.27 ,, 191.60 ,, 166.71 ,, 212.71 ,, 235.44 ,, 254.93 ,, 206.22 ,," 2,470.94 ",, 251.68 ,, 305.27 ,, 211.09 ,, 230.57 ,, 552.08 ,, 298.77 ,, 290.65 ,, 292.28 ,, 198.10 ,, 243.56 ,, 328.00 ,, 311.76 ,," 3,513.81 ",, 230.57 ,, 443.28 ,, 250.06 ,, 228.95 ,, 363.72 ,, 222.45 ,, 254.93 ,, 194.85 ,, 230.57 ,,,,,,,," 2,419.38 ",
70000 Miscellaneous, -   ,, -   ,, -   ,, -   ,, -   ,, -   ,, -   ,, -   ,, -   ,, -   ,, -   ,, -   ,, -   ,, -   ,, -   ,, -   ,, -   ,, -   ,, -   ,, -   ,, -   ,, -   ,, -   ,, -   ,, -   ,, -   ,, -   ,, 740.69 ,, (740.69),, -   ,, -   ,, -   ,, -   ,, -   ,, -   ,,,,,,,, -   ,
Total Expense," 295,607.26 ",," 287,885.18 ",," 369,685.95 ",," 296,813.77 ",," 269,551.65 ",," 287,617.15 ",," 287,563.61 ",," 291,089.05 ",," 385,517.59 ",," 301,697.13 ",," 304,059.15 ",," 314,483.83 ",," 3,691,571.32 ",," 327,497.23 ",," 320,623.68 ",," 402,386.87 ",," 306,430.37 ",," 320,751.39 ",," 294,332.99 ",," 298,413.23 ",," 422,311.67 ",," 324,414.10 ",," 321,444.43 ",," 340,972.36 ",," 316,170.75 ",," 3,995,749.07 ",," 431,865.78 ",," 322,274.01 ",," 339,790.68 ",," 338,781.20 ",," 332,788.07 ",," 319,150.15 ",," 326,782.93 ",," 444,386.79 ",," 341,249.62 ",,,,,,,," 3,197,069.23 ",
Net Ordinary Income," 109,138.11 ",," 117,989.55 ",," 92,501.76 ",," 77,970.95 ",," 199,555.33 ",," 142,655.92 ",," 64,892.99 ",," 189,169.43 ",," 88,268.21 ",," 122,128.92 ",," 205,416.43 ",," 191,076.15 ",," 1,600,763.75 ",," 192,071.33 ",," 130,727.14 ",," (123,526.28)",," 303,315.68 ",," 243,499.44 ",," 167,597.18 ",," 321,637.97 ",," 133,649.19 ",," 163,001.62 ",," 308,933.36 ",," 149,224.32 ",," 231,121.26 ",," 2,221,252.21 ",," 61,579.51 ",," 155,284.10 ",," 155,614.68 ",," 239,416.97 ",," 228,039.72 ",," 186,055.74 ",," 255,619.95 ",," 54,284.22 ",," 171,565.31 ",,,,,,,," 1,507,460.20 ",
Other Income/Expense,,,,,,,,,,,,,,,,,,,,,,,,,,,,,,,,,,,,,,,,,,,,,,,,,,,,,,,,,,,,,,,,,,,,,,,,,,,,,,
93000  Interest Income, 3.32 ,, -   ,, -   ,, -   ,, -   ,, -   ,, -   ,, -   ,, -   ,, -   ,, -   ,, -   ,, 3.32 ,, -   ,, -   ,, -   ,, -   ,, -   ,, -   ,, -   ,, -   ,, -   ,, -   ,, -   ,, -   ,, -   ,,,,,,,,,,,,,,,,,,,,,,,,,,,
Total Other Income, 3.32 ,, -   ,, -   ,, -   ,, -   ,, -   ,, -   ,, -   ,, -   ,, -   ,, -   ,, -   ,, 3.32 ,, -   ,, -   ,, -   ,, -   ,, -   ,, -   ,, -   ,, -   ,, -   ,, -   ,, -   ,, -   ,, -   ,, -   ,, -   ,, -   ,, -   ,, -   ,, -   ,, -   ,, -   ,, -   ,,,,,,,, -   ,
Other Expense,,,,,,,,,,,,,,,,,,,,,,,,,,,,,,,,,,,,,,,,,,,,,,,,,,,,,,,,,,,,,,,,,,,,,,,,,,,,,,
81100  APP Sweep, -   ,, -   ,, -   ,, -   ,, -   ,, -   ,, -   ,, -   ,, -   ,, -   ,, -   ,, -   ,, -   ,, -   ,, -   ,, -   ,, -   ,, -   ,, -   ,, -   ,, -   ,, -   ,, -   ,, -   ,, -   ,, -   ,, -   ,, -   ,, -   ,, -   ,, -   ,, -   ,, -   ,, -   ,, -   ,,,,,,,, -   ,
80500  Other Expenses, -   ,, -   ,, -   ,, -   ,, -   ,, -   ,, -   ,, -   ,, -   ,, -   ,, -   ,, -   ,, -   ,, -   ,, -   ,, -   ,, -   ,, -   ,, -   ,, -   ,, -   ,, -   ,, -   ,, -   ,, -   ,, -   ,, -   ,, -   ,, -   ,, -   ,, -   ,, -   ,, -   ,, -   ,, -   ,,,,,,,, -   ,
81000  APP Pearland Clearing, -   ,, -   ,, -   ,, -   ,, -   ,, -   ,, -   ,, -   ,, -   ,, -   ,, -   ,, -   ,, -   ,, -   ,, -   ,, -   ,, -   ,, -   ,, -   ,, -   ,, -   ,, -   ,, -   ,, -   ,, -   ,, -   ,, -   ,, -   ,, -   ,, -   ,, -   ,, -   ,, -   ,, -   ,, -   ,,,,,,,, -   ,
84000  Depreciation Expense, -   ,, -   ,, -   ,, -   ,, -   ,, -   ,, -   ,, -   ,, -   ,, -   ,, -   ,, -   ,, -   ,, -   ,, -   ,, -   ,, -   ,, -   ,, -   ,, -   ,, -   ,, -   ,, -   ,, -   ,, -   ,, -   ,, -   ,, -   ,, -   ,, -   ,, -   ,, -   ,, -   ,, -   ,, -   ,,,,,,,, -   ,
80000  Management Fee Paid, -   ,, -   ,, -   ,, -   ,, -   ,, -   ,, -   ,, -   ,, -   ,, -   ,, -   ,, -   ,, -   ,, -   ,, -   ,, -   ,, -   ,, -   ,, -   ,, -   ,, -   ,, -   ,, -   ,, -   ,, -   ,, -   ,, -   ,," 11,000.00 ",," 126,000.00 ",," 51,000.00 ",," 200,000.00 ",, -   ,," 150,000.00 ",," 21,500.00 ",," 600,000.00 ",,,,,,,," 1,159,500.00 ",
83000  Ask My Accountant, -   ,, -   ,, -   ,, -   ,, -   ,, -   ,, -   ,, -   ,, -   ,, -   ,, -   ,, -   ,, -   ,, -   ,, -   ,, -   ,, -   ,, -   ,, -   ,, -   ,, -   ,, -   ,, -   ,, -   ,, -   ,, -   ,, -   ,, -   ,, -   ,, -   ,, -   ,, -   ,, -   ,, -   ,, -   ,,,,,,,, -   ,
85000  Interest Expense, -   ,, -   ,, -   ,, -   ,, -   ,, -   ,, -   ,, -   ,, -   ,, -   ,, -   ,, -   ,, -   ,, -   ,, -   ,, -   ,, -   ,, -   ,, -   ,, -   ,, -   ,, -   ,, -   ,, -   ,, -   ,, -   ,, -   ,, -   ,, -   ,, -   ,, -   ,, -   ,, -   ,, -   ,, -   ,,,,,,,, -   ,
89005  Corporate Admin Fee, -   ,, -   ,, -   ,, -   ,, -   ,, -   ,, -   ,, -   ,, -   ,, -   ,, -   ,, -   ,, -   ,, -   ,, -   ,, -   ,, -   ,, -   ,, -   ,, -   ,, -   ,, -   ,, -   ,, -   ,, -   ,, -   ,, -   ,, -   ,," 26,243.74 ",," 27,355.15 ",," 31,485.00 ",," 30,133.00 ",," 27,945.00 ",, -   ,, -   ,,,,,,,," 143,161.89 ",
90000 Nondeductible Expense, -   ,, -   ,, -   ,," 1,027.04 ",, -   ,, -   ,, -   ,, -   ,, -   ,, -   ,, -   ,, -   ,," 1,027.04 ",, -   ,, 400.00 ,, -   ,, -   ,, 515.00 ,, -   ,, -   ,, -   ,, -   ,, -   ,, -   ,, -   ,, 915.00 ,, -   ,, -   ,, -   ,, -   ,, -   ,, -   ,, -   ,, -   ,, -   ,,,,,,,, -   ,
Total Other Expense, -   ,, -   ,, -   ,," 1,027.04 ",, -   ,, -   ,, -   ,, -   ,, -   ,, -   ,, -   ,, -   ,," 1,027.04 ",, -   ,, 400.00 ,, -   ,, -   ,, 515.00 ,, -   ,, -   ,, -   ,, -   ,, -   ,, -   ,, -   ,, 915.00 ,, -   ,," 11,000.00 ",," 152,243.74 ",," 78,355.15 ",," 231,485.00 ",," 30,133.00 ",," 177,945.00 ",," 21,500.00 ",," 600,000.00 ",,,,,,,," 1,302,661.89 ",
Net Other Income, 3.32 ,, -   ,, -   ,," (1,027.04)",, -   ,, -   ,, -   ,, -   ,, -   ,, -   ,, -   ,, -   ,," (1,023.72)",, -   ,, (400.00),, -   ,, -   ,, (515.00),, -   ,, -   ,, -   ,, -   ,, -   ,, -   ,, -   ,, (915.00),, -   ,," (11,000.00)",," (152,243.74)",," (78,355.15)",," (231,485.00)",," (30,133.00)",," (177,945.00)",," (21,500.00)",," (600,000.00)",,,,,,,," (1,302,661.89)",
Net Income," 109,141.43 ",," 117,989.55 ",," 92,501.76 ",," 76,943.91 ",," 199,555.33 ",," 142,655.92 ",," 64,892.99 ",," 189,169.43 ",," 88,268.21 ",," 122,128.92 ",," 205,416.43 ",," 191,076.15 ",," 1,599,740.03 ",," 192,071.33 ",," 130,327.14 ",," (123,526.28)",," 303,315.68 ",," 242,984.44 ",," 167,597.18 ",," 321,637.97 ",," 133,649.19 ",," 163,001.62 ",," 308,933.36 ",," 149,224.32 ",," 231,121.26 ",," 2,220,337.21 ",," 61,579.51 ",," 144,284.10 ",," 3,370.94 ",," 161,061.82 ",," (3,445.28)",," 155,922.74 ",," 77,674.95 ",," 32,784.22 ",," (428,434.69)",,,,,,,," 204,798.31 ",
